0,|(0, 2, 1, 4, 3, 5, 6, 8, 7, 9, 10, 11, 12, 13, 14, 15, 16, 17, 19, 18, 20, 21, 22, 23, 24, 25, 26, 27, 28, 29, 30, 31, 32, 34, 33, 35, 36, 37, 39, 38, 40, 41, 42, 43, 44, 45, 46, 47, 48, 49, 50, 51, 52, 53, 54, 55, 56, 57, 58, 59, 60, 61, 62, 63, 64, 65, 66, 67, 69, 68, 70, 71, 73, 72, 74, 75, 76, 77, 78, 79, 80, 81, 82, 85, 83, 84, 87, 86, 88, 89, 90, 91, 92, 93, 94, 95, 97, 96, 98, 99)|
1,|(0, 1, 2, 3, 4, 5, 6, 7, 8, 10, 9, 11, 12, 13, 14, 15, 16, 17, 18, 19, 20, 21, 22, 23, 25, 24, 26, 27, 29, 28, 30, 31, 32, 33, 34, 35, 36, 37, 38, 39, 40, 41, 42, 44, 43, 45, 46, 48, 47, 49, 50, 51, 52, 53, 54, 55, 56, 57, 58, 59, 61, 60, 62, 63, 65, 64, 66, 67, 68, 70, 69, 71, 72, 73, 74, 75, 76, 77, 78, 79, 81, 80, 83, 82, 84, 85, 87, 86, 88, 89, 90, 91, 92, 93, 94, 95, 96, 97, 98, 99)|
2,|(0, 1, 2, 4, 3, 5, 6, 7, 8, 9, 10, 12, 11, 13, 14, 15, 16, 17, 18, 19, 20, 21, 22, 23, 25, 24, 26, 27, 28, 29, 30, 31, 32, 33, 34, 35, 36, 37, 38, 39, 40, 41, 42, 43, 44, 45, 46, 47, 48, 49, 50, 51, 52, 53, 55, 54, 56, 57, 58, 59, 60, 61, 62, 63, 64, 65, 66, 67, 68, 69, 70, 71, 72, 73, 75, 74, 76, 77, 78, 79, 80, 81, 82, 83, 84, 85, 86, 87, 88, 89, 90, 91, 92, 93, 94, 95, 96, 97, 98, 99)|
3,|(0, 1, 2, 3, 4, 5, 6, 7, 8, 9, 10, 11, 12, 13, 14, 15, 16, 18, 17, 19, 20, 21, 22, 23, 24, 25, 27, 26, 28, 29, 30, 31, 33, 32, 34, 35, 36, 37, 38, 39, 40, 41, 42, 43, 44, 46, 45, 47, 49, 48, 50, 51, 52, 53, 54, 55, 56, 57, 58, 59, 60, 61, 62, 63, 64, 65, 66, 67, 68, 69, 70, 71, 73, 72, 74, 75, 76, 77, 78, 79, 80, 81, 82, 83, 84, 85, 86, 87, 88, 89, 90, 91, 92, 93, 95, 94, 97, 96, 98, 99)|
4,|(0, 1, 2, 3, 4, 5, 6, 7, 8, 9, 10, 11, 13, 12, 14, 15, 16, 18, 17, 19, 20, 21, 22, 23, 24, 25, 26, 27, 28, 29, 30, 32, 31, 33, 34, 35, 36, 37, 38, 39, 40, 41, 42, 43, 44, 45, 46, 47, 49, 48, 50, 51, 52, 53, 54, 55, 56, 57, 58, 59, 60, 61, 62, 63, 64, 65, 66, 67, 68, 69, 70, 71, 72, 73, 74, 75, 76, 77, 78, 79, 80, 81, 82, 83, 84, 85, 86, 87, 88, 89, 90, 91, 92, 93, 94, 95, 96, 97, 98, 99)|
5,|(0, 1, 2, 3, 4, 5, 6, 7, 8, 10, 9, 11, 12, 13, 14, 15, 16, 17, 18, 19, 20, 21, 22, 23, 24, 25, 26, 27, 28, 29, 30, 32, 31, 34, 33, 35, 37, 36, 38, 40, 39, 41, 42, 43, 44, 45, 46, 47, 48, 49, 50, 52, 51, 53, 54, 56, 55, 57, 58, 60, 59, 61, 62, 63, 64, 66, 65, 67, 68, 69, 70, 71, 72, 73, 74, 75, 76, 77, 78, 79, 80, 81, 82, 83, 85, 84, 86, 88, 87, 89, 90, 91, 92, 93, 94, 95, 96, 97, 98, 99)|
6,|(0, 1, 2, 3, 4, 5, 6, 7, 8, 9, 10, 11, 12, 13, 14, 15, 16, 17, 19, 18, 20, 21, 22, 23, 25, 24, 26, 27, 28, 29, 30, 31, 32, 33, 34, 35, 36, 37, 38, 39, 40, 41, 42, 43, 44, 45, 46, 47, 48, 49, 50, 51, 52, 53, 54, 55, 56, 57, 58, 60, 59, 61, 62, 63, 64, 65, 67, 66, 68, 69, 70, 71, 73, 72, 74, 75, 76, 77, 78, 79, 80, 81, 83, 82, 84, 85, 86, 87, 88, 89, 90, 92, 91, 93, 94, 95, 96, 97, 98, 99)|
7,|(0, 1, 2, 3, 4, 5, 6, 7, 8, 9, 10, 11, 12, 13, 14, 15, 16, 17, 18, 19, 20, 21, 22, 23, 24, 25, 26, 27, 28, 29, 30, 31, 32, 33, 34, 35, 36, 37, 38, 39, 40, 41, 42, 44, 43, 45, 47, 46, 49, 48, 50, 51, 52, 54, 53, 55, 56, 57, 58, 59, 60, 61, 62, 63, 64, 65, 66, 67, 68, 70, 69, 71, 72, 73, 74, 75, 76, 77, 78, 79, 80, 81, 82, 83, 85, 84, 86, 87, 88, 89, 90, 92, 91, 93, 94, 95, 96, 97, 98, 99)|
8,|(0, 1, 2, 3, 4, 5, 6, 7, 8, 9, 10, 12, 11, 13, 14, 15, 16, 17, 18, 20, 19, 21, 22, 23, 24, 25, 26, 27, 28, 29, 30, 31, 32, 33, 34, 35, 36, 37, 38, 39, 40, 41, 42, 43, 44, 45, 46, 47, 48, 49, 50, 51, 52, 53, 54, 55, 56, 57, 58, 59, 60, 61, 62, 63, 64, 65, 66, 67, 69, 68, 70, 71, 72, 73, 74, 76, 75, 77, 78, 79, 80, 81, 82, 83, 84, 85, 86, 87, 88, 89, 90, 91, 92, 93, 95, 94, 96, 97, 98, 99)|
9,|(0, 1, 2, 3, 5, 4, 6, 7, 8, 9, 10, 11, 12, 13, 15, 14, 16, 17, 18, 19, 20, 21, 22, 23, 24, 26, 25, 28, 27, 29, 30, 31, 32, 33, 34, 35, 36, 37, 38, 39, 40, 41, 42, 43, 44, 46, 45, 47, 48, 49, 50, 51, 52, 54, 53, 55, 56, 57, 58, 59, 60, 61, 62, 63, 64, 65, 66, 67, 68, 69, 71, 70, 72, 73, 74, 75, 76, 77, 78, 79, 80, 81, 82, 83, 84, 85, 86, 87, 88, 89, 90, 91, 92, 93, 95, 94, 96, 97, 98, 99)|
10,|(1, 0, 2, 3, 4, 5, 6, 7, 8, 9, 10, 11, 12, 13, 14, 16, 15, 17, 18, 19, 20, 21, 22, 23, 24, 25, 26, 27, 28, 29, 30, 31, 32, 33, 36, 34, 35, 38, 37, 39, 40, 41, 42, 43, 44, 45, 46, 47, 48, 49, 50, 51, 52, 53, 54, 55, 56, 57, 58, 59, 60, 61, 62, 63, 64, 65, 67, 66, 68, 69, 70, 71, 72, 73, 74, 75, 76, 77, 78, 79, 80, 81, 82, 83, 85, 84, 86, 88, 87, 89, 90, 91, 92, 93, 94, 95, 96, 97, 98, 99)|
11,|(1, 0, 2, 3, 4, 5, 6, 7, 8, 9, 10, 11, 13, 12, 14, 15, 16, 17, 18, 19, 20, 21, 22, 24, 23, 25, 26, 27, 28, 29, 30, 31, 32, 34, 33, 35, 36, 37, 38, 39, 40, 41, 42, 43, 45, 44, 46, 47, 48, 49, 50, 51, 53, 52, 54, 55, 56, 57, 58, 59, 60, 61, 62, 64, 65, 63, 66, 67, 68, 70, 69, 71, 72, 73, 75, 74, 76, 77, 78, 79, 80, 81, 82, 84, 83, 85, 86, 87, 88, 90, 89, 91, 92, 93, 94, 95, 96, 97, 98, 99)|
12,|(0, 1, 3, 2, 4, 6, 5, 7, 8, 9, 10, 11, 12, 13, 14, 15, 16, 17, 18, 19, 20, 21, 22, 23, 25, 24, 27, 26, 28, 29, 30, 31, 32, 33, 34, 35, 36, 37, 38, 39, 40, 41, 42, 43, 44, 45, 46, 47, 48, 49, 50, 51, 52, 53, 54, 55, 57, 56, 58, 60, 59, 61, 62, 63, 64, 65, 66, 67, 68, 69, 70, 71, 73, 72, 74, 75, 76, 77, 78, 79, 81, 80, 82, 83, 84, 85, 86, 87, 89, 88, 90, 91, 92, 93, 94, 95, 96, 97, 98, 99)|
13,|(0, 1, 2, 3, 4, 6, 5, 7, 9, 8, 10, 11, 12, 13, 14, 15, 16, 17, 18, 19, 20, 22, 21, 23, 24, 25, 26, 27, 28, 29, 30, 31, 32, 33, 34, 35, 36, 37, 38, 39, 40, 41, 42, 43, 45, 44, 46, 47, 48, 49, 50, 51, 52, 53, 54, 55, 56, 57, 58, 59, 60, 61, 62, 63, 64, 65, 66, 67, 68, 69, 70, 71, 72, 73, 74, 75, 77, 76, 78, 79, 80, 81, 82, 83, 84, 85, 86, 87, 88, 90, 89, 92, 91, 93, 94, 95, 96, 97, 98, 99)|
14,|(0, 1, 2, 4, 3, 6, 5, 7, 8, 10, 9, 11, 12, 13, 14, 15, 16, 17, 18, 19, 20, 21, 22, 23, 24, 25, 26, 27, 28, 29, 30, 31, 32, 34, 33, 35, 36, 37, 38, 39, 40, 42, 41, 43, 44, 45, 46, 47, 48, 49, 50, 51, 52, 53, 54, 55, 57, 56, 58, 59, 60, 61, 62, 63, 64, 65, 66, 67, 68, 69, 70, 71, 72, 73, 74, 75, 76, 78, 77, 79, 80, 81, 82, 83, 84, 85, 86, 87, 88, 89, 90, 91, 92, 93, 94, 95, 96, 97, 98, 99)|
15,|(0, 1, 2, 3, 4, 5, 6, 7, 8, 9, 10, 11, 12, 13, 14, 15, 16, 17, 18, 19, 21, 20, 22, 23, 24, 26, 25, 27, 28, 29, 30, 31, 32, 33, 34, 35, 36, 37, 38, 39, 40, 41, 42, 43, 44, 45, 46, 47, 48, 49, 50, 51, 52, 53, 54, 55, 56, 57, 58, 59, 60, 61, 62, 63, 65, 64, 66, 67, 68, 70, 69, 72, 73, 71, 74, 75, 76, 77, 78, 79, 80, 81, 83, 82, 84, 85, 86, 87, 88, 89, 90, 92, 91, 93, 94, 95, 96, 97, 98, 99)|
16,|(0, 1, 3, 2, 4, 5, 6, 7, 8, 9, 10, 11, 12, 13, 14, 15, 17, 16, 18, 19, 20, 21, 22, 23, 25, 24, 27, 26, 28, 29, 30, 31, 32, 33, 34, 35, 36, 37, 38, 39, 40, 42, 41, 43, 44, 45, 46, 47, 48, 49, 50, 51, 52, 53, 55, 54, 56, 57, 58, 59, 61, 60, 62, 63, 64, 65, 67, 66, 68, 70, 69, 71, 72, 73, 74, 75, 76, 77, 78, 79, 80, 82, 81, 83, 84, 85, 86, 88, 87, 89, 90, 91, 92, 93, 95, 94, 96, 97, 98, 99)|
17,|(0, 1, 2, 3, 4, 5, 6, 7, 8, 9, 10, 11, 12, 13, 14, 15, 16, 17, 18, 19, 20, 21, 22, 23, 24, 25, 26, 27, 28, 29, 30, 31, 32, 33, 35, 34, 36, 37, 38, 39, 40, 41, 42, 43, 44, 45, 46, 47, 48, 49, 50, 51, 52, 53, 54, 55, 56, 57, 59, 58, 61, 60, 62, 63, 65, 64, 66, 67, 68, 69, 70, 71, 72, 73, 74, 75, 76, 77, 79, 78, 81, 80, 82, 83, 84, 85, 86, 87, 88, 89, 90, 91, 92, 93, 94, 95, 96, 97, 98, 99)|
18,|(0, 2, 1, 3, 5, 4, 6, 7, 8, 9, 10, 11, 12, 14, 13, 16, 15, 17, 18, 19, 20, 21, 22, 24, 23, 25, 26, 28, 27, 29, 30, 31, 32, 33, 34, 35, 36, 37, 38, 39, 40, 41, 42, 43, 44, 45, 46, 47, 48, 49, 50, 51, 52, 53, 55, 54, 56, 57, 58, 59, 60, 61, 62, 63, 64, 65, 66, 67, 68, 69, 71, 70, 72, 73, 74, 75, 76, 77, 78, 79, 80, 81, 82, 83, 84, 85, 86, 87, 88, 89, 90, 91, 92, 93, 94, 95, 96, 98, 99, 97)|
19,|(0, 1, 2, 3, 4, 5, 6, 7, 8, 9, 10, 11, 12, 13, 14, 15, 16, 18, 17, 19, 20, 21, 22, 23, 24, 25, 26, 28, 27, 29, 30, 31, 32, 33, 34, 35, 36, 37, 38, 39, 40, 41, 42, 43, 44, 45, 47, 46, 48, 49, 50, 51, 52, 53, 54, 55, 56, 57, 58, 59, 60, 61, 62, 63, 64, 65, 66, 67, 68, 69, 70, 71, 72, 73, 74, 75, 76, 77, 78, 79, 80, 81, 82, 83, 85, 84, 86, 87, 88, 89, 90, 92, 91, 93, 94, 95, 96, 97, 98, 99)|
20,|(0, 1, 2, 3, 4, 5, 6, 7, 8, 9, 10, 11, 12, 13, 15, 14, 16, 17, 19, 18, 21, 20, 22, 23, 25, 24, 26, 27, 28, 30, 29, 31, 32, 33, 35, 34, 36, 37, 38, 39, 40, 41, 42, 43, 44, 45, 46, 47, 48, 49, 50, 52, 51, 53, 54, 55, 56, 57, 58, 59, 60, 62, 61, 64, 63, 65, 66, 67, 68, 69, 70, 71, 74, 72, 73, 75, 76, 78, 77, 79, 80, 81, 82, 83, 84, 85, 86, 87, 88, 90, 89, 91, 92, 93, 94, 95, 96, 97, 98, 99)|
21,|(0, 1, 2, 3, 4, 5, 6, 8, 7, 9, 10, 12, 11, 13, 14, 15, 16, 17, 18, 19, 20, 21, 22, 23, 24, 25, 26, 28, 27, 29, 30, 31, 32, 33, 34, 35, 36, 38, 37, 39, 40, 41, 42, 43, 44, 45, 46, 47, 48, 49, 50, 52, 51, 53, 54, 55, 56, 57, 58, 59, 60, 61, 62, 63, 64, 65, 66, 67, 68, 69, 70, 71, 72, 73, 75, 74, 76, 77, 78, 79, 80, 82, 81, 83, 84, 85, 86, 87, 89, 88, 90, 91, 92, 94, 93, 95, 96, 97, 99, 98)|
22,|(0, 1, 2, 3, 4, 5, 6, 7, 8, 9, 10, 11, 12, 13, 14, 15, 16, 17, 18, 19, 20, 21, 22, 23, 24, 25, 26, 28, 27, 29, 30, 31, 32, 33, 34, 35, 36, 37, 38, 39, 40, 41, 42, 43, 44, 45, 46, 48, 47, 49, 50, 51, 52, 53, 54, 55, 56, 57, 58, 59, 60, 61, 62, 63, 64, 65, 66, 68, 67, 69, 71, 70, 72, 73, 74, 75, 76, 78, 77, 79, 80, 81, 82, 83, 84, 85, 86, 87, 88, 89, 90, 91, 92, 93, 95, 94, 96, 97, 98, 99)|
23,|(0, 1, 2, 3, 4, 5, 6, 7, 8, 10, 9, 11, 13, 12, 14, 15, 16, 17, 18, 19, 20, 21, 22, 23, 24, 25, 26, 28, 27, 29, 30, 32, 31, 33, 34, 35, 36, 37, 38, 40, 39, 41, 42, 43, 44, 45, 46, 47, 48, 49, 50, 51, 52, 53, 55, 54, 56, 58, 57, 59, 60, 61, 63, 62, 64, 66, 65, 67, 68, 69, 70, 71, 72, 73, 74, 75, 76, 77, 78, 79, 80, 81, 82, 83, 85, 84, 86, 87, 88, 89, 90, 91, 92, 93, 94, 95, 96, 97, 98, 99)|
24,|(0, 1, 2, 3, 4, 5, 6, 7, 8, 9, 10, 11, 12, 13, 14, 15, 16, 17, 18, 19, 21, 20, 22, 23, 24, 25, 26, 27, 29, 28, 30, 31, 32, 33, 34, 35, 36, 37, 38, 39, 40, 41, 42, 43, 44, 45, 46, 47, 48, 49, 50, 51, 52, 53, 54, 55, 56, 57, 58, 59, 60, 62, 61, 63, 64, 65, 66, 68, 67, 69, 70, 71, 73, 72, 74, 75, 76, 78, 77, 79, 80, 81, 82, 83, 85, 84, 86, 87, 88, 89, 91, 90, 92, 93, 94, 95, 96, 97, 98, 99)|
25,|(0, 1, 2, 3, 4, 5, 6, 7, 8, 9, 10, 11, 12, 13, 14, 15, 16, 18, 17, 19, 20, 21, 22, 23, 24, 25, 26, 27, 29, 28, 30, 31, 32, 33, 34, 35, 36, 37, 38, 39, 40, 42, 41, 43, 44, 45, 46, 47, 48, 49, 50, 51, 52, 54, 53, 55, 56, 57, 58, 59, 60, 61, 62, 63, 65, 64, 66, 68, 67, 70, 69, 71, 72, 73, 74, 75, 76, 77, 78, 79, 80, 81, 82, 84, 83, 85, 87, 86, 88, 89, 90, 91, 92, 93, 94, 95, 96, 97, 98, 99)|
26,|(0, 1, 2, 3, 4, 5, 6, 7, 8, 9, 10, 11, 12, 13, 14, 15, 16, 17, 18, 19, 20, 21, 22, 23, 24, 25, 27, 26, 28, 29, 30, 31, 32, 33, 34, 35, 36, 37, 38, 39, 40, 41, 42, 43, 44, 45, 46, 47, 48, 49, 50, 51, 52, 53, 54, 55, 56, 57, 58, 59, 60, 61, 62, 63, 64, 65, 66, 67, 68, 69, 70, 71, 72, 73, 74, 75, 76, 77, 78, 79, 80, 81, 82, 83, 84, 85, 86, 87, 88, 90, 89, 91, 92, 93, 94, 95, 96, 97, 98, 99)|
27,|(0, 1, 2, 3, 4, 6, 5, 7, 8, 10, 9, 11, 12, 13, 14, 16, 15, 17, 18, 19, 20, 21, 22, 24, 23, 25, 26, 27, 28, 29, 30, 31, 32, 33, 34, 35, 36, 37, 38, 39, 40, 41, 42, 43, 44, 45, 46, 47, 48, 49, 50, 51, 52, 53, 54, 55, 56, 57, 59, 58, 60, 61, 62, 63, 64, 65, 66, 68, 67, 69, 70, 71, 72, 73, 74, 75, 76, 78, 77, 79, 80, 81, 83, 82, 84, 85, 86, 87, 88, 89, 90, 91, 92, 93, 94, 95, 96, 97, 98, 99)|
28,|(0, 1, 2, 3, 4, 5, 6, 7, 8, 9, 10, 11, 12, 13, 14, 15, 16, 17, 18, 19, 20, 21, 22, 23, 24, 25, 26, 27, 28, 29, 30, 31, 32, 33, 34, 35, 36, 37, 38, 39, 40, 42, 41, 43, 44, 45, 46, 47, 48, 49, 50, 51, 52, 53, 54, 56, 55, 57, 58, 60, 59, 61, 62, 63, 64, 65, 66, 67, 68, 70, 69, 71, 72, 73, 74, 75, 76, 77, 78, 79, 80, 82, 81, 83, 84, 85, 86, 87, 89, 88, 91, 90, 93, 92, 94, 95, 96, 97, 99, 98)|
29,|(0, 1, 2, 3, 4, 5, 6, 7, 8, 9, 10, 11, 12, 13, 14, 15, 16, 17, 18, 19, 20, 21, 22, 23, 24, 25, 26, 27, 28, 29, 30, 31, 32, 33, 34, 35, 36, 37, 38, 39, 41, 40, 42, 43, 44, 45, 46, 47, 48, 49, 50, 51, 53, 52, 54, 55, 56, 58, 57, 59, 60, 61, 62, 63, 64, 65, 66, 67, 68, 69, 70, 71, 72, 73, 74, 75, 77, 76, 78, 79, 80, 81, 82, 83, 84, 85, 86, 87, 88, 89, 90, 91, 92, 93, 94, 95, 96, 97, 98, 99)|
30,|(0, 1, 2, 3, 4, 6, 5, 7, 8, 9, 10, 11, 12, 13, 14, 15, 16, 17, 18, 19, 20, 21, 22, 23, 24, 25, 26, 27, 28, 29, 30, 31, 32, 33, 34, 35, 36, 37, 38, 39, 40, 41, 42, 43, 44, 45, 46, 47, 48, 50, 49, 51, 52, 53, 54, 55, 56, 57, 58, 59, 60, 61, 62, 63, 64, 65, 66, 67, 68, 69, 70, 71, 72, 73, 74, 75, 76, 77, 79, 78, 80, 81, 82, 83, 84, 85, 86, 87, 88, 89, 90, 92, 91, 93, 94, 95, 96, 97, 98, 99)|
31,|(0, 1, 2, 3, 4, 5, 7, 6, 8, 9, 11, 10, 12, 13, 14, 15, 16, 17, 18, 19, 20, 21, 22, 23, 24, 25, 26, 27, 28, 29, 30, 31, 32, 33, 34, 35, 37, 36, 38, 39, 40, 41, 42, 43, 44, 45, 46, 47, 48, 49, 50, 51, 53, 52, 54, 55, 56, 57, 58, 59, 60, 62, 61, 63, 64, 65, 66, 67, 68, 69, 70, 71, 72, 73, 74, 75, 76, 77, 78, 79, 80, 81, 82, 83, 84, 85, 86, 87, 88, 89, 90, 91, 92, 93, 94, 95, 96, 97, 99, 98)|
32,|(0, 1, 2, 3, 4, 5, 7, 6, 9, 8, 10, 11, 12, 13, 15, 14, 17, 16, 18, 19, 21, 20, 22, 23, 24, 25, 26, 27, 28, 30, 29, 31, 32, 33, 34, 35, 36, 37, 38, 40, 39, 41, 42, 43, 44, 45, 46, 47, 48, 49, 50, 51, 52, 53, 54, 55, 56, 57, 58, 59, 60, 61, 62, 63, 64, 65, 66, 67, 68, 69, 71, 70, 72, 73, 74, 75, 76, 77, 78, 79, 80, 81, 82, 83, 85, 84, 86, 87, 88, 90, 89, 91, 92, 93, 94, 95, 96, 97, 98, 99)|
33,|(0, 1, 2, 3, 4, 5, 6, 7, 8, 9, 11, 10, 12, 13, 14, 15, 16, 17, 18, 19, 20, 21, 22, 23, 24, 25, 26, 27, 28, 29, 30, 31, 32, 33, 34, 35, 36, 37, 38, 39, 40, 41, 42, 43, 44, 45, 46, 47, 48, 49, 50, 51, 52, 54, 53, 55, 56, 57, 58, 59, 60, 61, 62, 63, 64, 65, 66, 67, 68, 70, 69, 71, 72, 73, 74, 76, 75, 77, 78, 79, 80, 81, 82, 83, 84, 86, 85, 87, 88, 90, 89, 91, 92, 93, 94, 95, 96, 97, 98, 99)|
34,|(0, 1, 2, 4, 3, 5, 6, 8, 7, 9, 10, 11, 12, 13, 14, 15, 16, 17, 18, 19, 20, 21, 22, 23, 24, 26, 25, 27, 28, 29, 30, 31, 32, 33, 35, 34, 36, 37, 38, 39, 40, 41, 43, 42, 44, 45, 46, 47, 48, 49, 50, 51, 53, 52, 54, 55, 56, 57, 58, 59, 60, 61, 62, 63, 64, 65, 66, 67, 68, 69, 70, 71, 72, 73, 74, 75, 76, 77, 78, 79, 80, 81, 82, 83, 84, 85, 86, 87, 88, 89, 90, 91, 92, 93, 94, 95, 96, 97, 98, 99)|
35,|(0, 1, 2, 3, 4, 5, 6, 8, 7, 9, 10, 11, 13, 12, 14, 15, 16, 17, 18, 19, 20, 21, 22, 23, 24, 25, 26, 27, 28, 29, 30, 31, 32, 33, 34, 35, 36, 37, 39, 38, 40, 41, 43, 42, 44, 45, 46, 47, 48, 50, 49, 51, 52, 53, 54, 55, 56, 57, 58, 59, 60, 61, 62, 63, 64, 65, 66, 67, 68, 69, 70, 71, 72, 73, 74, 75, 76, 77, 78, 79, 80, 81, 83, 82, 84, 85, 87, 86, 88, 89, 90, 91, 92, 93, 94, 95, 96, 97, 98, 99)|
36,|(0, 1, 3, 2, 4, 5, 6, 7, 8, 9, 11, 10, 12, 13, 15, 14, 16, 17, 18, 19, 20, 22, 21, 23, 24, 25, 26, 27, 29, 28, 30, 31, 32, 33, 35, 34, 36, 37, 38, 39, 40, 41, 42, 43, 44, 45, 46, 47, 48, 49, 50, 51, 52, 53, 54, 56, 55, 57, 58, 60, 59, 61, 62, 63, 64, 65, 67, 66, 68, 69, 70, 71, 72, 73, 74, 75, 76, 77, 78, 79, 80, 81, 82, 83, 84, 85, 87, 86, 89, 88, 90, 91, 92, 93, 94, 95, 96, 97, 98, 99)|
37,|(0, 1, 3, 2, 4, 5, 6, 7, 8, 9, 10, 11, 12, 13, 14, 15, 16, 17, 18, 20, 19, 21, 22, 23, 25, 24, 26, 27, 28, 29, 31, 30, 32, 33, 34, 36, 35, 37, 38, 39, 40, 41, 42, 43, 44, 45, 46, 47, 48, 49, 50, 51, 52, 53, 55, 54, 56, 57, 59, 58, 60, 61, 62, 63, 64, 65, 66, 67, 68, 69, 70, 71, 72, 73, 74, 75, 76, 77, 78, 79, 80, 81, 82, 83, 84, 85, 86, 87, 88, 89, 90, 91, 92, 93, 94, 96, 95, 97, 98, 99)|
38,|(0, 1, 2, 3, 4, 5, 6, 7, 8, 11, 9, 10, 12, 13, 15, 14, 16, 17, 18, 19, 20, 21, 22, 23, 24, 25, 26, 27, 29, 28, 30, 31, 32, 34, 33, 35, 36, 37, 39, 38, 40, 41, 42, 43, 44, 45, 46, 47, 48, 49, 50, 51, 52, 53, 54, 55, 56, 57, 58, 59, 60, 61, 62, 64, 63, 65, 66, 67, 68, 69, 70, 71, 72, 73, 74, 75, 76, 77, 78, 79, 80, 81, 82, 83, 85, 84, 86, 87, 88, 89, 90, 91, 92, 93, 94, 95, 96, 97, 98, 99)|
39,|(0, 2, 1, 3, 4, 5, 6, 7, 8, 9, 10, 11, 12, 13, 14, 15, 16, 17, 18, 19, 20, 21, 22, 24, 23, 25, 26, 27, 29, 28, 30, 31, 32, 33, 34, 36, 35, 37, 38, 39, 40, 41, 42, 43, 44, 46, 45, 47, 48, 49, 50, 51, 53, 52, 55, 54, 57, 56, 58, 59, 61, 60, 62, 63, 64, 65, 66, 67, 68, 69, 71, 70, 72, 73, 75, 74, 76, 77, 78, 79, 80, 81, 82, 83, 84, 85, 86, 88, 87, 89, 91, 90, 92, 93, 94, 95, 96, 97, 98, 99)|
40,|(0, 1, 2, 3, 4, 5, 6, 7, 8, 9, 10, 11, 12, 13, 14, 15, 16, 18, 17, 19, 20, 21, 22, 23, 24, 25, 26, 27, 28, 29, 30, 32, 31, 33, 34, 35, 36, 37, 38, 39, 40, 41, 42, 43, 44, 45, 46, 47, 48, 49, 50, 51, 52, 53, 54, 55, 56, 57, 58, 59, 60, 61, 62, 63, 64, 65, 66, 67, 68, 69, 71, 70, 72, 73, 74, 75, 76, 77, 78, 79, 80, 81, 82, 83, 84, 85, 86, 87, 89, 88, 90, 91, 92, 93, 94, 95, 96, 97, 98, 99)|
41,|(0, 1, 2, 3, 4, 6, 5, 7, 8, 9, 10, 11, 12, 13, 14, 15, 16, 17, 18, 19, 20, 21, 22, 23, 24, 25, 26, 27, 28, 29, 30, 31, 32, 34, 33, 36, 35, 37, 38, 39, 40, 41, 42, 43, 44, 45, 47, 46, 48, 49, 50, 51, 52, 53, 54, 55, 56, 57, 58, 59, 60, 61, 62, 63, 64, 66, 65, 67, 68, 69, 70, 71, 72, 73, 74, 75, 76, 77, 78, 79, 80, 81, 82, 83, 84, 85, 86, 87, 88, 89, 90, 92, 91, 93, 94, 95, 96, 97, 98, 99)|
42,|(0, 1, 3, 2, 4, 5, 6, 7, 8, 9, 10, 11, 12, 13, 14, 15, 16, 17, 18, 19, 20, 21, 22, 23, 24, 25, 27, 26, 28, 30, 29, 31, 32, 34, 33, 36, 35, 37, 38, 39, 40, 41, 42, 43, 44, 45, 46, 47, 48, 49, 50, 51, 52, 53, 54, 55, 56, 57, 58, 59, 61, 60, 63, 62, 64, 66, 65, 67, 68, 69, 70, 71, 72, 73, 74, 75, 76, 77, 78, 80, 79, 81, 83, 82, 84, 85, 86, 87, 88, 90, 89, 91, 92, 93, 94, 95, 96, 97, 98, 99)|
43,|(0, 1, 3, 2, 4, 5, 6, 7, 8, 9, 10, 12, 11, 13, 14, 15, 16, 17, 18, 19, 20, 21, 23, 22, 24, 25, 26, 27, 28, 29, 30, 31, 32, 33, 34, 35, 36, 37, 39, 38, 41, 40, 43, 42, 44, 45, 47, 46, 48, 50, 49, 51, 52, 53, 54, 55, 56, 57, 58, 59, 60, 61, 62, 64, 63, 65, 66, 67, 68, 69, 70, 71, 72, 73, 74, 75, 76, 78, 77, 80, 79, 81, 82, 83, 84, 86, 85, 87, 88, 89, 90, 91, 93, 92, 94, 95, 96, 97, 99, 98)|
44,|(1, 0, 2, 3, 5, 4, 6, 7, 8, 9, 10, 11, 12, 13, 15, 14, 16, 17, 19, 18, 20, 21, 22, 23, 24, 25, 27, 26, 28, 29, 30, 32, 31, 33, 34, 35, 36, 38, 37, 39, 40, 41, 42, 43, 44, 45, 46, 47, 48, 49, 50, 51, 52, 53, 54, 55, 57, 56, 58, 59, 60, 61, 62, 64, 63, 65, 66, 67, 68, 69, 70, 72, 71, 73, 74, 75, 77, 76, 78, 79, 80, 81, 82, 83, 84, 85, 87, 86, 89, 88, 90, 91, 93, 92, 94, 95, 96, 97, 98, 99)|
45,|(0, 1, 2, 3, 4, 5, 6, 8, 7, 9, 10, 11, 12, 13, 14, 15, 16, 17, 19, 18, 20, 21, 22, 23, 24, 25, 27, 26, 28, 29, 30, 31, 32, 33, 34, 35, 36, 37, 39, 38, 41, 40, 42, 43, 44, 45, 46, 48, 47, 49, 50, 52, 51, 54, 53, 55, 56, 57, 59, 58, 60, 61, 62, 63, 64, 65, 66, 67, 68, 69, 71, 72, 70, 73, 74, 75, 76, 77, 78, 80, 79, 81, 82, 83, 84, 85, 86, 87, 88, 89, 90, 91, 92, 94, 93, 95, 97, 96, 98, 99)|
46,|(1, 0, 2, 3, 4, 5, 6, 8, 7, 10, 9, 11, 12, 13, 14, 15, 16, 17, 18, 19, 20, 21, 23, 22, 24, 25, 26, 27, 28, 29, 30, 31, 32, 33, 34, 35, 36, 37, 38, 40, 39, 41, 42, 43, 44, 45, 46, 47, 48, 49, 50, 51, 53, 52, 54, 56, 55, 57, 58, 59, 60, 61, 62, 63, 65, 64, 66, 67, 68, 69, 71, 70, 72, 73, 74, 75, 76, 78, 77, 79, 80, 81, 82, 83, 84, 85, 86, 87, 88, 89, 90, 92, 91, 93, 94, 95, 96, 97, 98, 99)|
47,|(0, 1, 2, 3, 4, 5, 6, 7, 8, 9, 10, 11, 12, 13, 14, 15, 16, 17, 19, 18, 20, 21, 22, 23, 24, 25, 26, 27, 28, 29, 30, 31, 32, 33, 34, 35, 36, 37, 38, 39, 40, 41, 43, 42, 44, 45, 46, 47, 48, 49, 50, 51, 52, 53, 54, 55, 56, 57, 58, 59, 60, 61, 62, 64, 63, 66, 65, 68, 67, 69, 70, 71, 72, 73, 74, 75, 76, 77, 78, 79, 80, 81, 82, 83, 84, 85, 86, 87, 88, 89, 90, 91, 92, 93, 94, 95, 96, 97, 98, 99)|
48,|(1, 0, 2, 4, 3, 5, 6, 7, 9, 8, 10, 11, 12, 13, 14, 15, 16, 17, 18, 19, 20, 21, 22, 23, 24, 25, 26, 27, 28, 29, 30, 31, 32, 33, 34, 35, 36, 37, 38, 39, 40, 41, 42, 43, 44, 45, 47, 46, 48, 49, 50, 51, 52, 53, 54, 55, 56, 57, 58, 60, 59, 61, 63, 62, 64, 65, 66, 67, 68, 69, 70, 71, 72, 73, 75, 74, 76, 77, 78, 79, 80, 81, 83, 82, 84, 86, 85, 87, 88, 89, 90, 91, 92, 93, 94, 95, 96, 97, 98, 99)|
49,|(0, 1, 2, 3, 4, 5, 6, 7, 8, 9, 10, 11, 12, 13, 14, 15, 16, 17, 18, 19, 20, 21, 22, 23, 24, 25, 26, 28, 27, 29, 30, 31, 32, 33, 34, 35, 36, 37, 38, 39, 40, 41, 42, 43, 44, 45, 47, 46, 48, 49, 51, 50, 52, 53, 54, 55, 56, 58, 57, 59, 60, 61, 62, 63, 64, 65, 66, 67, 68, 69, 70, 71, 72, 73, 74, 75, 76, 77, 78, 80, 79, 81, 82, 83, 84, 85, 86, 87, 88, 89, 90, 91, 92, 93, 94, 95, 96, 97, 98, 99)|
50,|(0, 1, 2, 3, 4, 5, 6, 7, 8, 9, 10, 11, 12, 13, 14, 15, 16, 17, 18, 19, 20, 21, 22, 23, 24, 25, 26, 27, 28, 29, 30, 31, 32, 33, 34, 35, 36, 37, 38, 39, 40, 41, 42, 43, 44, 45, 46, 47, 48, 49, 50, 51, 52, 53, 54, 55, 56, 57, 58, 59, 60, 61, 62, 63, 64, 65, 66, 67, 68, 69, 70, 71, 72, 73, 74, 76, 75, 78, 77, 79, 80, 81, 82, 83, 84, 85, 86, 87, 88, 89, 90, 91, 92, 93, 94, 95, 97, 96, 98, 99)|
51,|(0, 1, 2, 3, 4, 5, 6, 7, 8, 9, 10, 11, 12, 13, 14, 15, 16, 17, 18, 20, 19, 21, 22, 23, 24, 25, 26, 28, 27, 29, 30, 31, 32, 33, 34, 36, 35, 37, 38, 39, 40, 41, 42, 43, 44, 45, 46, 47, 48, 49, 50, 51, 52, 53, 54, 55, 56, 57, 58, 59, 60, 61, 63, 62, 64, 65, 67, 66, 68, 69, 70, 71, 72, 73, 74, 75, 76, 77, 78, 79, 80, 81, 82, 83, 84, 85, 86, 87, 88, 89, 90, 91, 92, 93, 95, 94, 96, 97, 98, 99)|
52,|(0, 1, 3, 2, 4, 5, 6, 7, 8, 9, 10, 11, 12, 13, 14, 15, 16, 17, 18, 19, 20, 21, 22, 23, 24, 25, 26, 27, 28, 29, 30, 31, 32, 33, 35, 34, 36, 37, 38, 39, 40, 41, 42, 43, 44, 45, 47, 46, 48, 49, 50, 51, 52, 53, 54, 56, 55, 57, 58, 59, 60, 61, 62, 63, 64, 65, 66, 67, 68, 69, 70, 71, 72, 73, 74, 75, 76, 77, 78, 79, 80, 81, 82, 83, 84, 85, 86, 87, 88, 89, 90, 91, 92, 93, 94, 95, 96, 97, 98, 99)|
53,|(0, 1, 2, 3, 4, 5, 6, 7, 8, 9, 10, 11, 12, 13, 14, 16, 15, 17, 18, 19, 20, 21, 22, 23, 24, 25, 26, 27, 28, 29, 30, 32, 31, 33, 34, 36, 35, 37, 38, 39, 40, 42, 41, 43, 44, 45, 46, 47, 48, 49, 50, 52, 51, 53, 54, 55, 56, 57, 58, 59, 60, 61, 62, 64, 63, 65, 66, 67, 68, 69, 70, 71, 72, 73, 74, 75, 76, 77, 78, 79, 81, 80, 82, 83, 84, 85, 86, 87, 89, 88, 90, 91, 92, 93, 94, 95, 96, 97, 98, 99)|
54,|(0, 1, 2, 3, 4, 5, 6, 7, 8, 9, 10, 11, 12, 13, 14, 15, 16, 17, 18, 19, 21, 20, 22, 23, 24, 26, 25, 27, 28, 29, 30, 31, 32, 33, 35, 34, 36, 37, 38, 39, 40, 41, 42, 43, 44, 45, 46, 47, 48, 49, 50, 51, 52, 53, 54, 55, 56, 57, 58, 59, 60, 61, 62, 63, 64, 65, 66, 67, 68, 69, 70, 71, 73, 72, 74, 75, 76, 77, 78, 79, 80, 81, 82, 83, 84, 85, 86, 87, 88, 89, 90, 91, 92, 93, 94, 95, 97, 96, 98, 99)|
55,|(0, 1, 2, 3, 4, 5, 6, 7, 8, 9, 10, 12, 11, 13, 14, 15, 16, 18, 17, 19, 20, 21, 22, 23, 24, 25, 26, 27, 28, 30, 29, 32, 31, 33, 34, 35, 36, 37, 39, 38, 40, 41, 42, 43, 44, 45, 46, 47, 48, 49, 50, 51, 52, 53, 54, 55, 56, 57, 58, 59, 61, 60, 63, 62, 64, 66, 65, 67, 68, 69, 71, 70, 72, 73, 74, 75, 76, 77, 78, 79, 80, 82, 81, 83, 84, 85, 86, 87, 88, 89, 90, 91, 92, 93, 94, 95, 96, 97, 98, 99)|
56,|(0, 2, 1, 3, 4, 5, 6, 8, 7, 9, 10, 11, 12, 14, 13, 15, 16, 17, 19, 18, 20, 21, 22, 23, 24, 25, 26, 27, 28, 29, 30, 31, 33, 32, 34, 35, 36, 37, 38, 39, 41, 40, 42, 43, 44, 45, 46, 48, 47, 49, 50, 51, 53, 52, 55, 54, 56, 57, 59, 58, 60, 61, 62, 63, 64, 65, 66, 67, 68, 69, 70, 71, 72, 73, 74, 75, 76, 78, 77, 79, 80, 81, 82, 83, 85, 84, 86, 87, 88, 89, 90, 91, 92, 93, 94, 95, 96, 97, 98, 99)|
57,|(0, 1, 2, 3, 4, 5, 6, 7, 8, 9, 10, 11, 12, 14, 13, 15, 16, 18, 17, 19, 21, 20, 22, 23, 24, 26, 25, 27, 28, 29, 30, 31, 32, 33, 34, 35, 36, 37, 39, 38, 40, 41, 42, 43, 44, 45, 46, 48, 47, 49, 50, 51, 52, 53, 54, 55, 56, 57, 58, 59, 60, 61, 62, 63, 65, 64, 66, 67, 68, 69, 70, 71, 72, 73, 74, 75, 77, 76, 78, 79, 80, 81, 82, 83, 84, 85, 86, 87, 88, 89, 90, 91, 92, 93, 95, 94, 96, 97, 98, 99)|
58,|(0, 1, 3, 2, 4, 5, 6, 7, 8, 10, 9, 11, 12, 13, 15, 14, 16, 17, 18, 19, 20, 21, 22, 23, 24, 25, 26, 27, 28, 29, 30, 31, 32, 33, 34, 35, 36, 37, 38, 39, 40, 42, 41, 43, 44, 45, 46, 47, 48, 49, 50, 51, 52, 53, 54, 55, 56, 57, 58, 59, 60, 61, 63, 62, 64, 65, 66, 67, 68, 69, 70, 71, 72, 73, 74, 75, 76, 77, 78, 79, 80, 81, 82, 83, 84, 85, 86, 87, 88, 89, 90, 91, 92, 93, 94, 95, 96, 98, 97, 99)|
59,|(0, 1, 2, 3, 4, 5, 7, 6, 8, 9, 10, 11, 12, 13, 15, 14, 16, 17, 18, 19, 20, 21, 22, 23, 24, 26, 25, 27, 28, 29, 30, 31, 32, 33, 34, 35, 36, 37, 38, 39, 40, 41, 42, 43, 44, 45, 46, 48, 47, 49, 50, 51, 52, 53, 54, 55, 57, 56, 59, 58, 60, 61, 62, 63, 64, 65, 66, 67, 68, 69, 70, 71, 72, 73, 74, 75, 76, 77, 78, 79, 80, 81, 82, 83, 84, 85, 86, 87, 88, 89, 90, 91, 92, 94, 93, 95, 96, 98, 97, 99)|
60,|(0, 1, 2, 3, 4, 5, 7, 6, 8, 9, 10, 11, 12, 13, 14, 15, 17, 16, 18, 19, 20, 21, 23, 22, 24, 25, 26, 27, 28, 29, 30, 31, 33, 32, 34, 35, 36, 37, 38, 39, 40, 41, 42, 43, 44, 45, 46, 48, 47, 49, 50, 51, 52, 53, 54, 55, 56, 57, 58, 59, 60, 61, 62, 63, 64, 65, 66, 67, 68, 70, 69, 71, 72, 73, 74, 75, 77, 76, 78, 79, 80, 81, 82, 83, 84, 85, 86, 87, 88, 89, 90, 92, 91, 93, 94, 95, 96, 97, 98, 99)|
61,|(0, 1, 2, 3, 4, 5, 6, 7, 8, 9, 10, 11, 12, 13, 14, 16, 15, 17, 18, 19, 20, 21, 22, 23, 24, 26, 25, 27, 28, 29, 30, 31, 32, 33, 34, 35, 36, 37, 39, 38, 40, 41, 42, 43, 45, 44, 46, 47, 48, 49, 50, 51, 52, 53, 54, 55, 56, 57, 58, 59, 60, 61, 62, 63, 64, 65, 66, 67, 68, 69, 70, 71, 72, 73, 74, 75, 76, 77, 79, 78, 80, 81, 82, 83, 84, 85, 87, 86, 88, 89, 90, 91, 92, 93, 94, 95, 96, 97, 98, 99)|
62,|(0, 1, 2, 3, 4, 5, 6, 7, 8, 10, 9, 11, 12, 13, 14, 15, 16, 17, 18, 19, 20, 21, 22, 23, 25, 24, 26, 27, 28, 29, 30, 31, 32, 34, 33, 35, 36, 37, 38, 39, 41, 40, 42, 43, 44, 45, 46, 47, 48, 49, 50, 51, 52, 53, 55, 54, 56, 57, 58, 59, 60, 61, 62, 63, 65, 64, 66, 67, 68, 69, 70, 71, 72, 73, 74, 76, 75, 77, 78, 79, 80, 81, 82, 83, 84, 85, 86, 88, 87, 89, 90, 91, 93, 92, 94, 95, 96, 98, 97, 99)|
63,|(0, 1, 2, 3, 4, 5, 6, 7, 8, 9, 10, 12, 11, 13, 14, 15, 16, 17, 18, 19, 20, 21, 23, 22, 24, 25, 26, 27, 28, 29, 30, 31, 32, 33, 34, 35, 37, 36, 38, 39, 40, 41, 43, 42, 44, 46, 45, 47, 48, 49, 50, 51, 52, 53, 55, 54, 56, 57, 58, 59, 60, 61, 62, 63, 65, 64, 66, 67, 68, 69, 70, 71, 72, 73, 74, 75, 76, 79, 77, 78, 80, 81, 82, 83, 84, 85, 86, 87, 88, 89, 90, 91, 92, 93, 94, 95, 96, 97, 98, 99)|
64,|(0, 1, 2, 3, 4, 5, 6, 7, 8, 9, 11, 10, 12, 13, 14, 15, 16, 18, 17, 19, 20, 21, 22, 23, 24, 25, 26, 27, 28, 29, 30, 31, 32, 33, 34, 35, 36, 37, 38, 39, 40, 41, 42, 44, 43, 45, 46, 48, 47, 49, 50, 51, 52, 53, 54, 55, 56, 57, 58, 59, 60, 62, 61, 63, 64, 65, 66, 67, 68, 69, 70, 71, 72, 73, 74, 75, 76, 77, 78, 79, 80, 81, 83, 82, 84, 85, 86, 88, 87, 89, 90, 91, 92, 94, 93, 95, 96, 97, 98, 99)|
65,|(0, 1, 2, 3, 4, 5, 7, 6, 8, 10, 9, 11, 12, 13, 14, 15, 16, 17, 18, 19, 20, 21, 22, 23, 24, 25, 26, 28, 27, 29, 30, 31, 32, 33, 34, 36, 35, 37, 39, 38, 40, 41, 43, 42, 44, 45, 46, 47, 48, 50, 49, 51, 52, 53, 55, 54, 56, 57, 58, 59, 60, 61, 62, 63, 64, 65, 66, 67, 68, 69, 70, 71, 72, 73, 74, 75, 76, 77, 78, 79, 80, 81, 82, 83, 84, 86, 85, 87, 88, 89, 90, 91, 92, 93, 94, 95, 97, 96, 98, 99)|
66,|(0, 1, 2, 3, 4, 5, 6, 7, 8, 9, 10, 11, 12, 13, 14, 15, 16, 17, 18, 19, 20, 21, 22, 23, 24, 26, 25, 27, 28, 29, 30, 32, 31, 33, 34, 35, 36, 38, 37, 39, 40, 41, 42, 43, 44, 46, 45, 47, 48, 49, 50, 51, 52, 53, 54, 55, 56, 57, 60, 58, 59, 61, 62, 63, 64, 65, 66, 67, 68, 69, 71, 70, 72, 73, 74, 75, 76, 77, 78, 79, 80, 81, 82, 83, 84, 85, 86, 87, 88, 90, 89, 91, 92, 94, 93, 95, 96, 97, 98, 99)|
67,|(0, 1, 2, 3, 4, 6, 5, 8, 7, 9, 10, 11, 12, 13, 14, 15, 16, 17, 18, 20, 19, 21, 23, 22, 24, 25, 26, 27, 28, 29, 30, 31, 32, 33, 34, 35, 36, 37, 38, 39, 40, 41, 42, 43, 44, 45, 46, 47, 48, 49, 51, 50, 52, 53, 54, 55, 56, 57, 58, 59, 60, 61, 62, 63, 64, 65, 66, 67, 68, 69, 70, 71, 73, 72, 74, 75, 76, 77, 78, 80, 79, 82, 81, 83, 84, 85, 86, 87, 88, 89, 91, 90, 92, 93, 94, 96, 95, 97, 98, 99)|
68,|(0, 1, 2, 3, 4, 5, 6, 7, 8, 9, 10, 11, 12, 13, 15, 14, 17, 16, 18, 19, 20, 21, 22, 23, 24, 25, 26, 27, 28, 29, 30, 31, 32, 33, 34, 35, 36, 37, 38, 39, 40, 41, 42, 43, 44, 45, 46, 47, 48, 49, 50, 51, 52, 53, 54, 55, 56, 57, 58, 59, 60, 61, 62, 63, 64, 65, 66, 67, 68, 69, 70, 71, 72, 73, 74, 75, 76, 77, 78, 79, 80, 81, 82, 83, 84, 85, 87, 86, 88, 89, 90, 91, 93, 92, 94, 96, 95, 97, 98, 99)|
69,|(0, 1, 3, 2, 4, 5, 6, 7, 8, 9, 11, 10, 12, 13, 14, 15, 16, 17, 18, 19, 20, 21, 22, 23, 24, 25, 26, 27, 29, 28, 30, 31, 32, 33, 34, 35, 36, 37, 38, 40, 39, 42, 41, 43, 44, 46, 45, 47, 49, 48, 50, 51, 52, 53, 54, 55, 56, 57, 58, 59, 60, 62, 61, 63, 64, 65, 66, 68, 67, 69, 70, 71, 72, 74, 73, 75, 76, 77, 78, 79, 80, 81, 82, 84, 83, 85, 86, 87, 88, 89, 90, 91, 92, 93, 94, 95, 96, 97, 98, 99)|
70,|(0, 1, 3, 2, 4, 6, 7, 5, 8, 9, 10, 11, 12, 13, 14, 15, 16, 17, 18, 19, 20, 21, 22, 23, 24, 25, 26, 27, 28, 29, 30, 31, 32, 33, 34, 35, 36, 37, 38, 39, 40, 41, 42, 43, 44, 46, 45, 48, 47, 49, 51, 50, 52, 53, 54, 55, 56, 57, 58, 59, 60, 61, 62, 63, 64, 65, 66, 67, 68, 69, 70, 71, 72, 73, 74, 75, 76, 77, 78, 79, 80, 81, 82, 83, 84, 85, 87, 86, 88, 89, 90, 92, 93, 91, 94, 95, 96, 97, 98, 99)|
71,|(0, 1, 2, 3, 4, 5, 7, 6, 8, 9, 10, 11, 12, 13, 14, 15, 17, 16, 18, 19, 20, 21, 22, 23, 25, 24, 26, 27, 28, 29, 30, 31, 32, 33, 34, 35, 36, 37, 38, 39, 40, 41, 42, 44, 43, 45, 46, 47, 48, 49, 50, 51, 52, 53, 54, 55, 56, 57, 58, 59, 60, 61, 62, 63, 64, 65, 66, 67, 69, 68, 71, 70, 72, 73, 74, 75, 77, 76, 78, 80, 79, 81, 82, 83, 84, 85, 86, 88, 87, 89, 90, 91, 92, 94, 93, 96, 95, 97, 98, 99)|
72,|(0, 1, 2, 4, 3, 5, 6, 8, 7, 9, 10, 11, 12, 13, 14, 15, 16, 17, 18, 19, 20, 21, 22, 23, 24, 25, 26, 27, 29, 28, 30, 31, 32, 33, 34, 35, 36, 37, 38, 39, 40, 41, 42, 44, 43, 45, 46, 47, 48, 49, 50, 51, 52, 53, 54, 55, 56, 57, 58, 59, 60, 61, 63, 62, 64, 65, 67, 66, 68, 69, 71, 70, 72, 74, 73, 75, 76, 77, 78, 79, 80, 81, 82, 83, 84, 85, 86, 87, 88, 89, 90, 91, 92, 93, 94, 96, 95, 97, 98, 99)|
73,|(0, 1, 2, 3, 4, 5, 6, 7, 8, 9, 10, 11, 12, 13, 14, 15, 16, 17, 18, 19, 20, 21, 22, 24, 23, 25, 26, 27, 28, 29, 30, 31, 32, 33, 34, 35, 36, 37, 38, 39, 40, 41, 43, 42, 44, 45, 46, 47, 48, 49, 50, 51, 52, 53, 54, 55, 56, 57, 59, 58, 60, 61, 62, 63, 64, 65, 66, 67, 68, 69, 71, 70, 72, 73, 74, 75, 76, 77, 78, 79, 80, 82, 81, 83, 84, 85, 86, 87, 88, 89, 90, 91, 92, 93, 94, 95, 96, 97, 99, 98)|
74,|(0, 1, 2, 3, 4, 5, 6, 7, 8, 9, 10, 12, 11, 13, 14, 15, 16, 17, 18, 19, 20, 21, 22, 23, 24, 25, 26, 27, 28, 29, 30, 31, 32, 34, 33, 35, 36, 38, 37, 39, 40, 41, 42, 43, 44, 46, 45, 47, 48, 49, 51, 50, 52, 53, 54, 56, 55, 57, 58, 59, 60, 61, 63, 62, 64, 65, 66, 67, 68, 69, 70, 71, 72, 74, 73, 75, 76, 77, 78, 79, 80, 81, 82, 84, 83, 85, 86, 87, 88, 89, 90, 91, 92, 93, 94, 96, 95, 97, 98, 99)|
75,|(0, 1, 2, 4, 3, 5, 6, 7, 9, 8, 10, 11, 12, 13, 14, 15, 16, 17, 18, 19, 20, 21, 22, 23, 25, 24, 26, 27, 28, 29, 30, 31, 32, 33, 35, 34, 36, 37, 38, 39, 40, 41, 43, 42, 44, 45, 46, 47, 48, 49, 50, 51, 53, 52, 54, 55, 56, 57, 58, 59, 60, 61, 62, 64, 63, 65, 66, 67, 68, 69, 70, 71, 72, 73, 74, 75, 76, 77, 78, 79, 80, 81, 82, 83, 84, 85, 86, 87, 88, 89, 90, 91, 92, 93, 94, 95, 96, 97, 98, 99)|
76,|(0, 1, 2, 4, 5, 3, 6, 7, 8, 9, 10, 11, 13, 12, 14, 15, 16, 17, 18, 19, 21, 20, 22, 23, 24, 25, 26, 27, 28, 29, 30, 31, 32, 33, 34, 35, 36, 37, 39, 38, 41, 40, 42, 43, 44, 45, 46, 47, 48, 49, 50, 51, 52, 53, 54, 55, 56, 57, 58, 59, 60, 61, 62, 63, 64, 65, 66, 68, 67, 69, 70, 71, 72, 74, 73, 75, 76, 77, 78, 79, 80, 81, 82, 83, 84, 85, 86, 87, 89, 88, 91, 90, 92, 93, 94, 95, 96, 97, 98, 99)|
77,|(0, 1, 2, 3, 4, 5, 7, 6, 8, 9, 10, 11, 12, 13, 14, 15, 16, 17, 18, 19, 20, 21, 22, 23, 25, 24, 26, 27, 28, 30, 29, 31, 32, 33, 34, 35, 36, 37, 38, 39, 40, 41, 42, 43, 44, 45, 46, 47, 48, 49, 50, 51, 53, 52, 54, 55, 56, 57, 58, 59, 60, 61, 62, 63, 64, 65, 67, 66, 68, 69, 70, 71, 72, 73, 74, 75, 76, 77, 78, 79, 80, 81, 82, 83, 84, 85, 86, 87, 88, 90, 89, 91, 92, 93, 94, 95, 96, 97, 98, 99)|
78,|(1, 0, 2, 3, 4, 5, 6, 7, 8, 9, 10, 11, 12, 13, 14, 15, 16, 17, 19, 18, 20, 21, 22, 23, 24, 25, 26, 27, 29, 28, 30, 31, 32, 33, 34, 36, 35, 37, 38, 39, 40, 41, 42, 43, 44, 45, 46, 47, 48, 49, 50, 51, 52, 53, 54, 55, 56, 57, 58, 59, 60, 61, 62, 63, 64, 65, 66, 67, 68, 69, 70, 71, 73, 72, 74, 75, 76, 78, 77, 79, 81, 80, 82, 83, 84, 85, 86, 87, 88, 89, 90, 91, 92, 93, 94, 95, 97, 96, 98, 99)|
79,|(0, 1, 2, 3, 4, 5, 6, 7, 8, 9, 10, 11, 12, 13, 14, 16, 15, 17, 18, 19, 21, 20, 22, 23, 24, 25, 27, 26, 28, 29, 30, 32, 31, 33, 34, 35, 37, 36, 38, 39, 40, 41, 42, 43, 44, 45, 46, 47, 48, 49, 50, 51, 52, 53, 54, 55, 57, 56, 58, 59, 60, 61, 62, 63, 64, 65, 66, 67, 68, 69, 70, 71, 72, 73, 74, 75, 76, 77, 78, 79, 80, 81, 82, 83, 84, 85, 86, 87, 89, 88, 90, 91, 93, 92, 94, 96, 95, 97, 98, 99)|
80,|(0, 1, 2, 3, 4, 6, 5, 7, 8, 10, 9, 11, 12, 13, 14, 15, 17, 16, 18, 19, 20, 21, 22, 24, 23, 25, 26, 27, 28, 30, 29, 31, 32, 33, 34, 35, 36, 37, 38, 39, 40, 41, 43, 42, 44, 45, 46, 47, 48, 49, 50, 51, 52, 53, 54, 56, 55, 57, 58, 59, 60, 61, 62, 63, 64, 65, 67, 66, 68, 69, 70, 71, 72, 73, 74, 75, 76, 77, 78, 79, 81, 80, 82, 83, 84, 85, 86, 87, 88, 89, 90, 91, 92, 93, 94, 95, 96, 97, 98, 99)|
81,|(0, 1, 2, 3, 4, 5, 6, 7, 8, 9, 10, 11, 12, 13, 14, 16, 15, 17, 18, 19, 20, 22, 21, 23, 24, 25, 26, 27, 28, 29, 30, 31, 32, 33, 34, 35, 36, 37, 38, 39, 40, 41, 42, 43, 44, 45, 46, 47, 48, 49, 50, 51, 52, 53, 54, 55, 56, 57, 58, 59, 60, 61, 62, 63, 64, 65, 66, 67, 68, 69, 70, 71, 72, 73, 74, 75, 76, 77, 78, 79, 80, 81, 82, 83, 84, 86, 85, 88, 87, 89, 90, 91, 92, 93, 94, 95, 96, 97, 98, 99)|
82,|(0, 1, 2, 3, 4, 5, 6, 7, 8, 9, 10, 11, 12, 13, 15, 14, 16, 17, 18, 19, 20, 21, 22, 23, 24, 25, 26, 27, 28, 30, 29, 31, 32, 33, 34, 35, 37, 36, 38, 39, 40, 41, 42, 43, 44, 45, 47, 46, 49, 48, 50, 51, 52, 53, 54, 55, 56, 57, 58, 59, 60, 61, 63, 62, 64, 65, 66, 67, 68, 69, 70, 71, 72, 73, 74, 75, 76, 77, 78, 79, 80, 81, 83, 82, 84, 85, 86, 87, 89, 90, 88, 91, 92, 93, 95, 94, 96, 97, 98, 99)|
83,|(0, 1, 2, 3, 4, 5, 6, 7, 8, 9, 11, 10, 12, 13, 14, 15, 16, 17, 18, 19, 20, 21, 22, 23, 24, 25, 26, 28, 27, 29, 30, 31, 32, 33, 34, 35, 36, 37, 38, 39, 40, 41, 43, 42, 44, 45, 46, 47, 48, 49, 50, 51, 52, 53, 54, 55, 57, 56, 58, 59, 60, 61, 62, 63, 64, 65, 66, 67, 68, 69, 70, 71, 72, 73, 75, 74, 76, 77, 78, 79, 81, 80, 82, 84, 85, 83, 86, 87, 88, 90, 89, 91, 93, 92, 94, 95, 96, 97, 98, 99)|
84,|(1, 0, 2, 3, 4, 5, 6, 7, 8, 9, 10, 11, 12, 13, 14, 15, 16, 17, 18, 19, 20, 21, 22, 23, 24, 26, 25, 27, 28, 29, 30, 31, 32, 33, 34, 35, 36, 37, 39, 38, 40, 41, 42, 43, 44, 45, 46, 47, 48, 49, 50, 51, 52, 54, 53, 55, 57, 56, 58, 59, 60, 61, 62, 63, 64, 65, 66, 67, 68, 69, 70, 71, 72, 73, 74, 75, 76, 77, 78, 79, 80, 81, 82, 83, 84, 86, 85, 87, 88, 89, 90, 91, 92, 93, 94, 95, 96, 98, 97, 99)|
85,|(0, 1, 2, 3, 4, 5, 6, 7, 8, 9, 10, 11, 12, 13, 14, 16, 15, 17, 18, 19, 20, 21, 22, 23, 24, 26, 25, 27, 28, 29, 30, 31, 32, 33, 34, 35, 36, 38, 37, 39, 40, 41, 42, 43, 44, 45, 46, 47, 48, 49, 50, 51, 52, 53, 54, 55, 56, 57, 58, 59, 60, 61, 62, 64, 63, 65, 66, 67, 68, 69, 70, 71, 72, 73, 74, 75, 76, 77, 78, 79, 80, 81, 82, 84, 83, 85, 86, 87, 89, 88, 90, 91, 92, 93, 94, 95, 96, 97, 98, 99)|
86,|(0, 1, 2, 3, 4, 5, 6, 7, 8, 9, 10, 11, 12, 13, 14, 15, 16, 17, 18, 19, 20, 21, 22, 23, 25, 24, 26, 27, 28, 29, 30, 31, 32, 33, 34, 36, 35, 37, 38, 40, 39, 41, 42, 43, 44, 45, 46, 47, 48, 49, 50, 51, 52, 53, 54, 55, 57, 56, 58, 59, 60, 61, 62, 63, 64, 66, 65, 67, 68, 69, 70, 71, 72, 73, 74, 75, 76, 78, 77, 79, 80, 81, 82, 83, 85, 84, 86, 87, 88, 89, 90, 91, 92, 93, 95, 94, 96, 97, 98, 99)|
87,|(0, 1, 2, 3, 4, 5, 6, 7, 8, 9, 10, 11, 12, 13, 14, 15, 16, 17, 18, 19, 20, 21, 22, 23, 24, 26, 25, 27, 28, 29, 30, 31, 32, 33, 34, 35, 36, 37, 38, 39, 40, 41, 42, 43, 45, 44, 46, 47, 48, 49, 50, 51, 53, 52, 54, 55, 56, 57, 58, 59, 60, 61, 62, 63, 64, 65, 66, 67, 68, 69, 70, 71, 72, 73, 74, 75, 76, 77, 79, 80, 78, 81, 82, 83, 84, 85, 86, 87, 88, 89, 90, 91, 92, 93, 94, 95, 97, 96, 99, 98)|
88,|(0, 1, 2, 3, 4, 5, 6, 7, 8, 9, 10, 11, 12, 13, 14, 15, 16, 17, 19, 18, 20, 21, 22, 23, 24, 25, 26, 28, 27, 30, 29, 32, 31, 33, 34, 36, 35, 37, 38, 39, 40, 42, 41, 43, 44, 45, 46, 47, 48, 49, 50, 51, 52, 53, 54, 55, 56, 57, 58, 59, 60, 61, 62, 63, 64, 66, 65, 67, 68, 69, 70, 71, 72, 73, 74, 75, 76, 77, 78, 79, 80, 81, 82, 83, 85, 84, 86, 87, 88, 89, 90, 91, 92, 93, 95, 94, 97, 96, 98, 99)|
89,|(0, 1, 2, 3, 4, 5, 6, 7, 8, 9, 10, 11, 12, 13, 14, 15, 16, 18, 17, 19, 20, 21, 23, 22, 24, 25, 26, 27, 28, 29, 30, 31, 32, 34, 33, 35, 36, 37, 38, 40, 39, 42, 41, 43, 44, 45, 46, 47, 48, 49, 50, 51, 52, 53, 54, 55, 56, 57, 58, 59, 60, 61, 63, 62, 64, 65, 66, 67, 68, 70, 69, 71, 72, 73, 74, 75, 76, 77, 78, 79, 80, 81, 82, 83, 84, 86, 85, 87, 88, 89, 90, 92, 91, 93, 94, 95, 96, 97, 98, 99)|
90,|(1, 0, 2, 4, 3, 5, 6, 7, 8, 9, 10, 11, 12, 13, 14, 15, 16, 18, 17, 19, 20, 21, 22, 23, 24, 25, 26, 27, 28, 29, 30, 31, 33, 32, 34, 35, 36, 37, 38, 39, 40, 41, 42, 43, 44, 45, 46, 47, 48, 49, 50, 51, 52, 53, 54, 56, 55, 57, 58, 60, 59, 61, 62, 63, 64, 65, 66, 67, 69, 68, 70, 71, 72, 73, 74, 75, 76, 77, 78, 79, 80, 81, 82, 83, 84, 85, 87, 86, 88, 89, 90, 91, 92, 93, 94, 95, 96, 97, 98, 99)|
91,|(0, 2, 1, 3, 4, 5, 6, 7, 8, 9, 10, 11, 12, 13, 14, 15, 16, 17, 18, 19, 20, 21, 22, 23, 24, 25, 27, 26, 28, 29, 30, 31, 32, 33, 34, 35, 36, 37, 38, 39, 40, 41, 42, 43, 44, 45, 46, 47, 48, 49, 50, 51, 52, 53, 54, 55, 56, 57, 59, 58, 60, 61, 62, 63, 64, 65, 67, 66, 68, 69, 71, 70, 72, 73, 74, 75, 76, 77, 78, 79, 80, 81, 82, 83, 84, 85, 86, 87, 88, 90, 89, 91, 92, 93, 94, 95, 96, 97, 98, 99)|
92,|(0, 1, 2, 3, 5, 4, 6, 7, 8, 9, 11, 10, 12, 13, 14, 15, 16, 17, 18, 19, 20, 21, 22, 23, 24, 26, 25, 27, 28, 29, 30, 31, 33, 32, 34, 35, 36, 37, 38, 39, 40, 41, 43, 42, 44, 45, 46, 47, 48, 49, 50, 51, 52, 53, 54, 55, 56, 57, 58, 59, 60, 61, 62, 63, 65, 64, 66, 67, 68, 69, 71, 70, 72, 73, 74, 75, 76, 77, 78, 79, 81, 80, 82, 83, 84, 85, 86, 87, 88, 89, 91, 90, 92, 93, 94, 95, 96, 97, 98, 99)|
93,|(0, 1, 2, 3, 4, 5, 6, 7, 8, 9, 10, 11, 12, 13, 14, 15, 16, 17, 18, 19, 20, 21, 22, 23, 24, 25, 26, 27, 28, 29, 30, 31, 32, 33, 34, 35, 36, 37, 38, 39, 40, 41, 42, 43, 44, 45, 46, 48, 47, 49, 51, 50, 52, 53, 55, 54, 56, 57, 58, 59, 60, 61, 62, 63, 64, 66, 65, 67, 68, 69, 71, 70, 72, 73, 74, 75, 76, 77, 78, 79, 80, 81, 82, 83, 84, 85, 86, 87, 88, 89, 90, 91, 92, 93, 94, 96, 95, 97, 98, 99)|
94,|(0, 1, 2, 3, 4, 5, 6, 7, 8, 9, 10, 11, 12, 13, 14, 15, 16, 17, 18, 19, 20, 21, 22, 23, 24, 25, 26, 28, 27, 29, 30, 31, 32, 33, 34, 35, 36, 37, 38, 39, 40, 41, 42, 43, 44, 45, 46, 48, 47, 49, 50, 51, 52, 54, 53, 55, 56, 57, 58, 59, 60, 61, 62, 63, 64, 65, 66, 67, 68, 69, 71, 70, 72, 73, 74, 75, 76, 77, 78, 79, 80, 81, 82, 84, 83, 85, 86, 87, 89, 88, 90, 92, 91, 93, 94, 95, 96, 97, 98, 99)|
95,|(0, 1, 2, 3, 4, 5, 6, 7, 8, 9, 10, 11, 12, 13, 14, 15, 16, 17, 18, 19, 20, 21, 22, 23, 24, 25, 26, 27, 28, 29, 30, 31, 32, 33, 34, 35, 36, 37, 38, 40, 39, 41, 42, 43, 44, 45, 46, 47, 48, 49, 50, 51, 53, 52, 54, 55, 56, 57, 58, 59, 60, 61, 62, 63, 64, 66, 65, 67, 68, 69, 70, 71, 72, 73, 74, 75, 77, 76, 78, 79, 80, 81, 82, 83, 84, 85, 86, 87, 88, 89, 90, 91, 92, 94, 93, 95, 96, 97, 98, 99)|
96,|(0, 1, 2, 3, 4, 5, 7, 6, 8, 9, 11, 10, 12, 13, 14, 15, 16, 17, 18, 19, 20, 21, 22, 23, 24, 25, 26, 27, 28, 29, 30, 31, 32, 33, 34, 35, 36, 37, 38, 39, 40, 41, 42, 43, 44, 45, 46, 48, 47, 49, 50, 51, 52, 53, 54, 55, 56, 57, 58, 59, 60, 62, 61, 63, 64, 65, 66, 67, 69, 68, 70, 71, 72, 73, 74, 75, 77, 76, 78, 79, 80, 81, 82, 83, 84, 86, 85, 87, 88, 89, 90, 91, 92, 94, 93, 95, 96, 97, 98, 99)|
97,|(0, 1, 2, 3, 4, 5, 6, 7, 9, 8, 10, 11, 12, 13, 14, 15, 16, 17, 18, 19, 20, 21, 22, 23, 24, 25, 26, 27, 28, 29, 30, 31, 32, 33, 34, 35, 36, 37, 38, 39, 40, 41, 42, 43, 44, 45, 46, 48, 47, 49, 50, 51, 53, 52, 54, 55, 57, 56, 58, 59, 60, 61, 62, 63, 64, 65, 67, 66, 68, 69, 70, 71, 72, 73, 75, 74, 76, 77, 78, 80, 79, 81, 82, 83, 84, 85, 86, 87, 88, 89, 90, 91, 92, 93, 94, 96, 95, 98, 97, 99)|
98,|(1, 0, 2, 3, 4, 5, 6, 7, 8, 9, 10, 12, 11, 13, 14, 15, 16, 18, 17, 19, 20, 21, 22, 23, 24, 25, 26, 27, 29, 28, 30, 31, 32, 33, 34, 35, 36, 37, 39, 38, 40, 41, 42, 43, 44, 46, 45, 47, 48, 49, 50, 51, 52, 53, 54, 55, 56, 57, 58, 59, 60, 61, 62, 63, 64, 65, 66, 67, 68, 69, 70, 71, 72, 73, 74, 75, 76, 77, 79, 78, 80, 82, 81, 83, 84, 86, 85, 87, 88, 90, 89, 91, 92, 93, 94, 95, 96, 97, 98, 99)|
99,|(0, 2, 1, 3, 4, 6, 5, 7, 8, 9, 10, 11, 12, 13, 15, 14, 16, 17, 18, 19, 20, 21, 22, 23, 24, 25, 27, 26, 28, 29, 30, 31, 32, 33, 34, 36, 35, 37, 38, 39, 40, 41, 42, 43, 44, 45, 46, 47, 48, 49, 51, 50, 52, 53, 54, 55, 56, 57, 58, 59, 60, 61, 62, 63, 64, 65, 66, 67, 69, 68, 70, 71, 72, 73, 74, 75, 76, 77, 78, 79, 80, 81, 82, 84, 83, 85, 86, 87, 89, 88, 90, 91, 92, 93, 94, 95, 96, 97, 99, 98)|
