0,|(0, 1, 2, 3, 4, 5, 6, 7, 8, 9, 10, 12, 11, 13, 14, 15, 16, 17, 18, 19, 20, 21, 22, 24, 23, 25, 27, 26, 28, 29, 30, 31, 32, 33, 34, 35, 36, 37, 38, 39, 40, 41, 42, 43, 45, 44, 46, 48, 47, 49, 50, 51, 52, 53, 54, 55, 56, 57, 58, 59, 60, 61, 62, 63, 64, 65, 67, 66, 68, 70, 69, 72, 71, 73, 74, 75, 76, 77, 78, 79, 80, 81, 82, 83, 84, 85, 86, 87, 88, 89, 90, 91, 92, 93, 94, 95, 96, 97, 98, 99, None)|
1,|(0, 1, 3, 2, 4, 5, 6, 7, 8, 9, 10, 11, 12, 13, 14, 15, 16, 17, 18, 19, 20, 21, 22, 23, 24, 25, 27, 26, 28, 29, 30, 31, 32, 33, 34, 35, 36, 37, 38, 39, 40, 41, 43, 42, 44, 45, 46, 47, 48, 49, 50, 51, 52, 53, 54, 55, 56, 57, 58, 59, 60, 61, 62, 64, 63, 65, 66, 67, 68, 69, 70, 71, 72, 73, 74, 75, 76, 77, 78, 79, 80, 81, 82, 83, 84, 85, 86, 87, 88, 89, 91, 90, 92, 93, 94, 95, 96, 97, 98, 99, None)|
2,|(1, 0, 2, 3, 4, 5, 6, 7, 8, 9, 10, 11, 12, 13, 14, 15, 16, 17, 19, 18, 20, 21, 23, 22, 24, 25, 26, 27, 28, 29, 30, 31, 32, 33, 34, 35, 37, 36, 38, 39, 40, 41, 43, 42, 44, 46, 45, 47, 48, 49, 50, 51, 52, 53, 54, 55, 56, 57, 58, 59, 60, 61, 62, 63, 64, 65, 66, 67, 68, 69, 70, 71, 72, 73, 74, 75, 76, 77, 78, 80, 79, 81, 82, 83, 84, 86, 85, 87, 88, 89, 91, 90, 92, 93, 94, 95, 96, 97, 98, 99, None)|
3,|(0, 1, 3, 2, 4, 5, 6, 7, 8, 9, 10, 11, 12, 14, 13, 15, 16, 17, 18, 19, 20, 21, 22, 23, 24, 25, 26, 27, 29, 28, 30, 31, 32, 33, 34, 35, 36, 37, 38, 39, 40, 41, 42, 43, 44, 45, 46, 47, 48, 49, 50, 52, 51, 53, 54, 55, 56, 57, 58, 59, 60, 61, 62, 63, 64, 65, 66, 67, 68, 69, 70, 71, 72, 73, 74, 76, 75, 77, 78, 79, 80, 81, 82, 83, 84, 85, 86, 87, 88, 90, 89, 92, 91, 94, 93, 95, 96, 97, 98, 99, None)|
4,|(0, 1, 2, 3, 4, 5, 6, 7, 8, 9, 10, 11, 12, 13, 14, 15, 16, 17, 19, 18, 21, 20, 22, 23, 24, 25, 27, 26, 28, 29, 30, 31, 32, 33, 34, 35, 36, 37, 38, 39, 40, 41, 42, 43, 45, 44, 46, 47, 48, 49, 50, 51, 52, 53, 54, 55, 56, 57, 58, 59, 60, 61, 62, 64, 63, 65, 66, 67, 68, 69, 70, 71, 72, 73, 74, 76, 75, 78, 77, 79, 80, 81, 82, 83, 84, 85, 86, 87, 88, 89, 90, 91, 92, 93, 94, 95, 96, 97, 98, 99, None)|
5,|(0, 1, 2, 3, 4, 6, 5, 7, 8, 9, 10, 11, 12, 13, 14, 15, 16, 17, 19, 18, 20, 21, 22, 24, 23, 25, 27, 26, 28, 29, 30, 31, 32, 33, 34, 35, 36, 37, 38, 39, 40, 41, 43, 42, 45, 44, 46, 47, 48, 49, 50, 51, 53, 52, 54, 55, 56, 57, 58, 59, 60, 61, 62, 63, 65, 64, 66, 67, 68, 69, 70, 71, 72, 73, 74, 75, 76, 77, 78, 79, 80, 81, 82, 83, 84, 85, 86, 87, 88, 89, 90, 91, 93, 92, 94, 95, 96, 97, 98, 99, None)|
6,|(0, 1, 2, 3, 4, 5, 6, 7, 8, 9, 10, 11, 13, 12, 14, 16, 15, 17, 18, 19, 20, 21, 22, 23, 24, 25, 26, 27, 28, 29, 30, 32, 31, 33, 34, 35, 36, 37, 38, 39, 41, 40, 42, 43, 44, 45, 46, 47, 48, 49, 50, 51, 52, 53, 54, 55, 56, 58, 57, 59, 60, 61, 62, 63, 64, 65, 66, 67, 68, 69, 70, 71, 72, 73, 74, 75, 76, 77, 78, 79, 80, 81, 82, 83, 84, 86, 85, 87, 88, 90, 89, 91, 92, 93, 94, 95, 96, 97, 98, 99, None)|
7,|(0, 1, 2, 3, 4, 5, 6, 7, 8, 9, 10, 12, 11, 13, 14, 15, 16, 17, 18, 19, 20, 22, 21, 23, 24, 25, 26, 28, 27, 29, 30, 32, 31, 33, 34, 35, 36, 37, 38, 39, 40, 41, 42, 43, 44, 45, 46, 47, 48, 49, 50, 51, 52, 53, 54, 55, 57, 56, 59, 58, 60, 61, 62, 63, 64, 65, 66, 67, 68, 69, 70, 71, 73, 72, 74, 75, 76, 77, 79, 78, 80, 81, 82, 83, 84, 85, 86, 87, 89, 88, 90, 91, 92, 93, 94, 95, 96, 97, 98, 99, None)|
8,|(0, 1, 2, 3, 4, 5, 7, 6, 8, 9, 10, 11, 12, 13, 14, 15, 16, 17, 19, 18, 20, 21, 22, 23, 24, 25, 26, 27, 28, 30, 29, 31, 33, 32, 34, 35, 36, 37, 38, 39, 40, 41, 42, 43, 44, 45, 47, 46, 48, 49, 50, 51, 52, 53, 54, 55, 56, 57, 58, 59, 60, 61, 62, 63, 64, 65, 66, 67, 68, 69, 70, 71, 72, 73, 74, 75, 76, 77, 79, 78, 80, 81, 82, 83, 84, 85, 86, 87, 88, 90, 89, 91, 92, 93, 94, 95, 96, 97, 98, 99, None)|
9,|(0, 2, 1, 3, 4, 6, 5, 7, 8, 9, 10, 11, 12, 13, 14, 15, 16, 17, 18, 19, 20, 21, 22, 23, 24, 25, 28, 26, 27, 29, 30, 31, 32, 33, 34, 35, 36, 37, 38, 39, 40, 41, 42, 43, 44, 45, 46, 47, 48, 49, 50, 51, 52, 53, 54, 55, 56, 57, 58, 59, 60, 61, 62, 63, 64, 65, 66, 67, 68, 69, 70, 72, 71, 74, 73, 75, 76, 77, 78, 79, 80, 81, 82, 83, 84, 85, 86, 87, 88, 89, 90, 91, 92, 93, 94, 95, 96, 97, 98, 99, None)|
10,|(0, 1, 2, 3, 4, 5, 6, 7, 8, 9, 10, 11, 12, 13, 14, 15, 16, 17, 18, 19, 20, 21, 22, 23, 24, 25, 26, 27, 28, 29, 30, 31, 32, 33, 34, 35, 37, 36, 38, 39, 40, 41, 42, 43, 44, 46, 45, 47, 48, 49, 50, 51, 52, 53, 54, 55, 56, 57, 58, 59, 60, 62, 61, 63, 64, 65, 66, 67, 68, 69, 71, 70, 72, 73, 74, 76, 75, 77, 78, 79, 80, 81, 82, 84, 83, 85, 86, 88, 87, 89, 90, 91, 92, 93, 95, 94, 96, 97, 98, 99, None)|
11,|(0, 1, 2, 3, 4, 6, 5, 7, 8, 9, 10, 11, 12, 13, 14, 15, 16, 17, 18, 19, 20, 21, 22, 23, 24, 25, 26, 27, 28, 29, 30, 31, 32, 33, 34, 35, 37, 36, 39, 38, 40, 41, 42, 43, 44, 45, 47, 46, 48, 49, 50, 51, 52, 53, 54, 55, 56, 57, 58, 59, 60, 61, 62, 63, 64, 65, 66, 67, 68, 69, 70, 71, 72, 73, 74, 75, 76, 77, 78, 79, 80, 81, 82, 83, 84, 85, 87, 86, 88, 89, 91, 90, 92, 94, 93, 95, 96, 97, 98, 99, None)|
12,|(1, 0, 2, 3, 4, 5, 6, 7, 8, 10, 9, 11, 12, 14, 13, 15, 16, 17, 18, 20, 19, 21, 23, 22, 24, 25, 26, 28, 27, 29, 30, 31, 32, 33, 34, 35, 36, 37, 38, 39, 40, 42, 41, 43, 44, 45, 46, 47, 48, 49, 50, 52, 51, 53, 54, 55, 56, 57, 59, 58, 61, 60, 62, 63, 64, 65, 67, 66, 68, 70, 69, 71, 72, 73, 74, 76, 75, 77, 78, 79, 80, 81, 82, 83, 84, 86, 85, 87, 88, 89, 90, 91, 92, 93, 94, 95, 96, 97, 98, 99, None)|
13,|(0, 1, 2, 3, 4, 5, 6, 7, 8, 9, 10, 11, 12, 13, 15, 14, 16, 17, 18, 19, 20, 21, 22, 23, 24, 25, 26, 28, 27, 29, 30, 31, 33, 32, 34, 35, 36, 37, 38, 39, 40, 42, 41, 43, 44, 45, 47, 46, 48, 49, 50, 51, 52, 53, 54, 55, 56, 57, 58, 59, 60, 61, 62, 63, 64, 65, 67, 66, 68, 70, 69, 71, 72, 73, 74, 75, 77, 76, 78, 79, 80, 81, 82, 83, 84, 85, 86, 87, 88, 89, 90, 91, 92, 93, 94, 95, 96, 97, 98, 99, None)|
14,|(0, 1, 2, 3, 4, 5, 6, 7, 8, 9, 10, 11, 12, 13, 14, 15, 16, 17, 18, 20, 19, 21, 22, 23, 24, 25, 26, 27, 28, 29, 31, 30, 32, 33, 34, 35, 36, 37, 39, 38, 40, 42, 41, 44, 43, 46, 45, 47, 48, 49, 50, 51, 52, 53, 54, 55, 56, 58, 57, 59, 60, 61, 62, 63, 65, 64, 66, 67, 68, 69, 70, 71, 72, 73, 74, 75, 76, 77, 78, 79, 80, 81, 82, 83, 84, 85, 86, 87, 88, 89, 90, 91, 92, 93, 94, 96, 95, 97, 98, 99, None)|
15,|(0, 1, 2, 3, 4, 5, 6, 7, 8, 9, 10, 11, 12, 13, 15, 14, 16, 17, 18, 19, 20, 21, 22, 23, 24, 26, 25, 27, 28, 29, 30, 31, 33, 32, 34, 35, 36, 37, 38, 40, 39, 41, 42, 43, 44, 46, 45, 47, 48, 49, 50, 51, 52, 53, 54, 55, 56, 57, 58, 60, 59, 61, 62, 63, 64, 66, 65, 67, 68, 69, 70, 71, 72, 73, 74, 75, 76, 78, 77, 79, 80, 81, 82, 83, 84, 85, 86, 87, 88, 89, 90, 91, 92, 94, 93, 95, 96, 97, 99, 98, None)|
16,|(1, 0, 2, 3, 4, 5, 6, 7, 8, 9, 10, 11, 12, 13, 14, 15, 16, 17, 18, 19, 20, 21, 22, 23, 24, 25, 26, 28, 27, 29, 30, 31, 32, 34, 33, 35, 37, 36, 38, 39, 40, 41, 42, 43, 44, 45, 46, 47, 48, 49, 50, 52, 51, 53, 54, 56, 55, 57, 58, 59, 60, 61, 62, 63, 64, 65, 66, 68, 67, 69, 70, 71, 73, 72, 74, 76, 75, 77, 78, 79, 80, 82, 81, 84, 83, 85, 86, 87, 88, 89, 90, 91, 92, 93, 96, 94, 95, 97, 99, 98, None)|
17,|(0, 1, 3, 2, 4, 5, 6, 7, 8, 9, 10, 11, 12, 13, 14, 15, 16, 17, 18, 19, 20, 21, 22, 23, 24, 25, 26, 27, 28, 29, 30, 31, 32, 33, 34, 35, 36, 37, 38, 39, 40, 41, 42, 43, 44, 45, 46, 47, 48, 49, 50, 51, 52, 53, 54, 55, 56, 58, 57, 59, 60, 61, 62, 63, 64, 65, 66, 67, 68, 69, 70, 71, 72, 73, 74, 75, 76, 77, 79, 78, 80, 81, 82, 83, 84, 85, 86, 87, 88, 89, 90, 91, 93, 92, 94, 96, 95, 97, 98, 99, None)|
18,|(0, 1, 2, 3, 4, 5, 6, 7, 8, 9, 10, 11, 12, 14, 13, 15, 16, 17, 18, 19, 20, 21, 22, 23, 25, 24, 26, 27, 29, 28, 30, 31, 32, 33, 35, 34, 36, 38, 39, 37, 40, 41, 42, 43, 44, 45, 46, 47, 48, 49, 50, 51, 52, 53, 54, 55, 56, 57, 58, 60, 59, 61, 62, 63, 64, 65, 66, 67, 68, 69, 71, 70, 73, 72, 74, 75, 76, 77, 78, 80, 79, 81, 82, 83, 84, 85, 86, 87, 88, 89, 90, 91, 92, 93, 94, 96, 95, 97, 98, 99, None)|
19,|(0, 1, 2, 3, 4, 5, 6, 7, 8, 9, 10, 11, 12, 13, 14, 16, 15, 17, 18, 20, 19, 21, 22, 23, 24, 25, 27, 26, 28, 29, 30, 31, 32, 33, 34, 35, 36, 37, 38, 40, 39, 41, 42, 43, 44, 45, 46, 47, 48, 49, 50, 51, 52, 53, 54, 55, 56, 57, 58, 59, 60, 61, 62, 63, 64, 65, 66, 67, 68, 69, 70, 71, 72, 74, 73, 76, 75, 77, 79, 78, 80, 81, 83, 82, 84, 85, 86, 87, 88, 89, 90, 91, 92, 93, 94, 95, 96, 97, 98, 99, None)|
20,|(0, 1, 2, 3, 4, 5, 6, 7, 8, 9, 10, 11, 12, 13, 14, 15, 16, 18, 17, 20, 19, 21, 22, 23, 24, 25, 26, 27, 28, 29, 30, 31, 32, 33, 34, 35, 36, 37, 39, 38, 40, 41, 42, 43, 44, 45, 46, 47, 48, 49, 50, 52, 51, 53, 54, 55, 56, 57, 58, 59, 60, 61, 62, 63, 64, 65, 66, 67, 68, 69, 70, 71, 73, 72, 75, 74, 76, 77, 78, 79, 80, 81, 82, 83, 84, 85, 86, 87, 88, 89, 90, 91, 92, 93, 94, 96, 95, 97, 98, 99, None)|
21,|(0, 1, 2, 4, 3, 5, 6, 7, 8, 9, 10, 11, 12, 13, 14, 15, 16, 17, 18, 19, 20, 21, 22, 23, 24, 26, 25, 27, 28, 29, 30, 31, 32, 33, 34, 35, 36, 37, 38, 39, 40, 41, 42, 44, 43, 45, 46, 47, 48, 49, 50, 51, 52, 53, 54, 55, 56, 57, 58, 59, 60, 61, 62, 63, 64, 65, 67, 66, 68, 69, 70, 71, 72, 73, 74, 75, 76, 77, 78, 79, 80, 81, 82, 83, 84, 85, 86, 87, 88, 89, 90, 91, 92, 93, 95, 94, 96, 97, 98, 99, None)|
22,|(0, 2, 1, 3, 4, 5, 6, 7, 8, 9, 10, 11, 12, 13, 15, 14, 17, 16, 18, 19, 20, 21, 22, 23, 25, 24, 26, 27, 28, 29, 30, 31, 32, 33, 34, 35, 36, 37, 38, 39, 40, 41, 42, 43, 44, 45, 46, 47, 48, 49, 50, 51, 52, 53, 54, 56, 55, 57, 59, 58, 60, 61, 62, 63, 64, 65, 66, 67, 68, 69, 70, 71, 72, 73, 74, 76, 75, 77, 78, 79, 80, 81, 82, 83, 84, 85, 86, 87, 88, 89, 90, 91, 92, 93, 94, 95, 96, 97, 98, 99, None)|
23,|(0, 1, 2, 3, 4, 5, 6, 7, 8, 9, 10, 11, 12, 13, 14, 15, 16, 17, 19, 18, 20, 21, 22, 23, 24, 25, 26, 27, 29, 28, 30, 31, 32, 33, 34, 35, 37, 36, 38, 39, 41, 40, 42, 43, 44, 45, 47, 46, 48, 49, 50, 51, 52, 53, 54, 55, 56, 57, 58, 59, 60, 61, 62, 63, 64, 65, 67, 66, 68, 69, 70, 71, 72, 73, 74, 75, 76, 77, 78, 79, 80, 81, 82, 83, 84, 85, 86, 87, 88, 90, 89, 91, 92, 93, 94, 95, 96, 97, 98, 99, None)|
24,|(0, 1, 2, 3, 4, 5, 6, 7, 8, 9, 10, 11, 12, 13, 14, 16, 15, 17, 18, 19, 20, 21, 22, 23, 24, 25, 26, 27, 28, 29, 30, 31, 33, 32, 34, 35, 36, 37, 38, 39, 40, 41, 42, 43, 44, 45, 46, 47, 48, 49, 50, 51, 52, 54, 53, 56, 55, 58, 57, 59, 60, 62, 61, 63, 64, 65, 66, 67, 68, 69, 70, 72, 71, 73, 74, 75, 77, 76, 78, 79, 80, 81, 82, 83, 84, 85, 87, 86, 88, 89, 90, 91, 92, 93, 94, 95, 96, 97, 98, 99, None)|
25,|(1, 0, 2, 3, 4, 5, 6, 7, 8, 9, 10, 11, 12, 14, 13, 15, 16, 17, 18, 19, 20, 21, 22, 23, 24, 25, 26, 27, 29, 28, 30, 31, 32, 33, 35, 34, 36, 37, 38, 39, 40, 41, 42, 43, 44, 45, 46, 47, 48, 49, 50, 52, 51, 53, 54, 55, 56, 57, 58, 59, 61, 60, 63, 62, 64, 65, 66, 68, 67, 69, 70, 71, 72, 73, 75, 74, 76, 77, 78, 79, 80, 82, 81, 83, 84, 85, 86, 87, 88, 89, 90, 91, 92, 94, 93, 95, 96, 98, 97, 99, None)|
26,|(0, 1, 2, 3, 4, 5, 6, 7, 8, 10, 9, 11, 12, 13, 14, 15, 16, 17, 18, 19, 20, 21, 22, 23, 24, 26, 25, 27, 28, 29, 30, 31, 32, 33, 34, 35, 36, 37, 39, 38, 40, 41, 42, 44, 43, 45, 46, 47, 48, 49, 50, 51, 52, 53, 54, 55, 56, 57, 58, 59, 60, 61, 62, 63, 64, 65, 66, 67, 69, 68, 71, 70, 72, 73, 74, 75, 76, 77, 79, 78, 80, 82, 81, 83, 84, 85, 86, 87, 88, 89, 90, 91, 92, 93, 94, 95, 96, 97, 98, 99, None)|
27,|(0, 1, 2, 3, 4, 5, 6, 7, 8, 9, 10, 11, 12, 13, 14, 15, 16, 17, 18, 19, 20, 21, 23, 22, 24, 25, 26, 28, 27, 29, 30, 31, 32, 33, 34, 35, 36, 37, 38, 39, 40, 42, 41, 43, 44, 45, 46, 47, 48, 49, 50, 51, 52, 53, 54, 55, 56, 57, 58, 59, 61, 60, 62, 64, 63, 65, 66, 67, 68, 69, 70, 71, 72, 73, 74, 75, 77, 76, 78, 79, 80, 81, 82, 83, 85, 84, 86, 87, 88, 89, 90, 91, 92, 93, 94, 95, 96, 97, 98, 99, None)|
28,|(1, 0, 2, 3, 4, 5, 6, 7, 8, 9, 10, 11, 12, 13, 14, 15, 16, 18, 17, 19, 20, 21, 22, 23, 24, 26, 25, 27, 29, 28, 30, 32, 31, 34, 33, 35, 36, 37, 38, 39, 40, 41, 42, 43, 44, 45, 46, 47, 48, 49, 50, 51, 52, 53, 54, 55, 57, 56, 58, 59, 60, 61, 62, 63, 64, 65, 66, 67, 68, 69, 70, 71, 72, 73, 74, 75, 76, 77, 78, 79, 80, 81, 82, 83, 84, 85, 86, 87, 89, 88, 90, 91, 92, 93, 94, 95, 96, 97, 98, 99, None)|
29,|(0, 1, 2, 3, 4, 5, 6, 7, 8, 9, 10, 11, 12, 13, 14, 15, 16, 17, 18, 20, 19, 21, 22, 23, 25, 24, 26, 27, 29, 28, 30, 31, 32, 33, 34, 35, 36, 38, 37, 39, 40, 41, 42, 43, 44, 45, 46, 47, 48, 49, 50, 51, 52, 53, 54, 55, 56, 57, 59, 58, 60, 61, 64, 62, 63, 65, 66, 67, 68, 69, 70, 71, 73, 72, 74, 75, 76, 77, 78, 79, 80, 81, 82, 83, 84, 85, 87, 86, 88, 89, 90, 91, 92, 93, 94, 95, 96, 97, 98, 99, None)|
30,|(0, 1, 2, 3, 4, 5, 6, 7, 8, 9, 10, 11, 12, 13, 14, 15, 16, 17, 18, 19, 20, 21, 22, 23, 24, 26, 25, 27, 28, 29, 30, 31, 32, 33, 34, 35, 36, 38, 37, 39, 40, 42, 41, 43, 44, 45, 46, 47, 48, 49, 50, 51, 52, 54, 53, 55, 56, 57, 58, 59, 60, 61, 62, 63, 64, 65, 66, 67, 68, 69, 70, 71, 72, 73, 74, 75, 76, 77, 78, 79, 80, 81, 82, 83, 84, 85, 86, 87, 88, 89, 90, 91, 92, 93, 94, 96, 95, 97, 98, 99, None)|
31,|(0, 1, 2, 4, 3, 5, 6, 7, 8, 9, 10, 11, 13, 12, 14, 15, 16, 17, 18, 19, 20, 21, 22, 23, 24, 25, 27, 26, 28, 29, 30, 32, 31, 33, 34, 35, 36, 37, 38, 40, 39, 41, 42, 43, 44, 45, 46, 47, 48, 49, 50, 51, 52, 53, 54, 55, 56, 57, 58, 59, 60, 62, 61, 64, 63, 65, 66, 68, 67, 69, 70, 71, 73, 72, 75, 74, 76, 77, 79, 78, 80, 81, 82, 83, 84, 85, 86, 87, 88, 89, 90, 91, 92, 93, 94, 95, 96, 97, 98, 99, None)|
32,|(0, 1, 2, 3, 4, 5, 6, 7, 8, 9, 10, 12, 11, 13, 14, 15, 16, 17, 18, 19, 20, 21, 23, 22, 24, 25, 26, 27, 28, 29, 30, 31, 32, 33, 34, 35, 37, 36, 38, 39, 40, 41, 42, 43, 44, 45, 46, 47, 48, 49, 50, 51, 52, 53, 54, 55, 56, 57, 58, 59, 60, 61, 62, 64, 63, 65, 66, 67, 68, 69, 70, 71, 72, 73, 74, 76, 75, 77, 78, 79, 80, 81, 82, 83, 84, 85, 86, 87, 88, 89, 90, 92, 91, 93, 94, 95, 96, 97, 98, 99, None)|
33,|(0, 1, 2, 3, 4, 5, 6, 7, 8, 9, 11, 10, 12, 13, 14, 15, 16, 17, 18, 19, 20, 21, 22, 23, 24, 25, 26, 27, 28, 29, 30, 32, 31, 33, 34, 35, 36, 37, 38, 39, 40, 41, 42, 43, 44, 45, 46, 47, 48, 49, 50, 51, 52, 53, 55, 54, 56, 57, 58, 59, 60, 62, 61, 63, 64, 65, 66, 67, 68, 70, 69, 71, 72, 73, 74, 75, 76, 77, 78, 80, 79, 81, 82, 83, 84, 85, 86, 87, 88, 90, 89, 91, 93, 92, 94, 95, 96, 97, 98, 99, None)|
34,|(0, 1, 3, 2, 4, 5, 6, 7, 8, 9, 10, 11, 12, 13, 14, 15, 16, 17, 18, 19, 20, 21, 22, 23, 24, 25, 26, 27, 28, 29, 30, 31, 32, 33, 34, 36, 35, 37, 38, 39, 40, 42, 41, 43, 44, 45, 46, 48, 47, 49, 50, 51, 53, 52, 54, 55, 56, 58, 57, 59, 60, 61, 62, 63, 64, 65, 66, 67, 68, 69, 70, 71, 72, 73, 74, 75, 76, 77, 78, 79, 80, 81, 82, 83, 84, 85, 86, 87, 88, 89, 90, 92, 91, 93, 94, 95, 96, 97, 98, 99, None)|
35,|(0, 1, 2, 3, 4, 5, 6, 7, 8, 9, 10, 11, 12, 13, 14, 15, 16, 17, 18, 19, 20, 21, 22, 23, 24, 25, 27, 26, 28, 29, 30, 31, 32, 34, 33, 36, 37, 35, 38, 39, 40, 41, 42, 43, 45, 44, 46, 47, 48, 49, 50, 51, 52, 53, 54, 55, 56, 57, 58, 59, 60, 61, 62, 63, 64, 65, 66, 67, 68, 69, 70, 71, 72, 73, 74, 75, 76, 77, 78, 79, 80, 81, 82, 83, 84, 85, 86, 87, 88, 89, 90, 91, 92, 93, 94, 95, 96, 97, 98, 99, None)|
36,|(0, 1, 2, 4, 3, 5, 6, 7, 8, 9, 10, 11, 12, 13, 14, 15, 16, 17, 18, 19, 20, 21, 22, 23, 25, 24, 26, 27, 28, 29, 30, 31, 32, 33, 34, 35, 36, 37, 38, 39, 40, 42, 41, 44, 43, 45, 46, 47, 48, 49, 50, 51, 52, 53, 54, 55, 56, 57, 58, 59, 60, 61, 62, 63, 64, 65, 66, 67, 68, 69, 70, 71, 72, 73, 74, 76, 75, 77, 78, 79, 80, 81, 82, 84, 83, 85, 86, 87, 88, 89, 90, 91, 92, 93, 94, 95, 96, 97, 98, 99, None)|
37,|(0, 2, 1, 3, 4, 5, 6, 7, 8, 9, 10, 12, 11, 13, 14, 15, 16, 17, 18, 19, 20, 21, 22, 23, 24, 25, 27, 26, 28, 29, 30, 32, 31, 33, 34, 36, 35, 37, 38, 39, 40, 41, 42, 44, 43, 45, 46, 47, 48, 49, 50, 51, 52, 53, 54, 55, 56, 57, 58, 59, 60, 61, 62, 63, 65, 64, 66, 67, 68, 69, 70, 71, 73, 72, 74, 75, 76, 77, 78, 79, 80, 81, 82, 83, 84, 85, 86, 87, 88, 89, 90, 91, 92, 93, 94, 96, 95, 97, 99, 98, None)|
38,|(0, 1, 2, 3, 4, 5, 6, 7, 8, 9, 10, 11, 12, 13, 14, 15, 16, 17, 18, 19, 20, 21, 22, 23, 25, 24, 26, 27, 28, 29, 30, 31, 32, 33, 34, 36, 35, 38, 37, 39, 40, 41, 42, 43, 44, 45, 46, 47, 49, 48, 50, 51, 52, 53, 54, 55, 56, 57, 58, 59, 60, 61, 62, 63, 64, 65, 66, 68, 67, 69, 70, 71, 72, 73, 74, 75, 76, 77, 78, 79, 80, 81, 82, 84, 83, 85, 86, 87, 88, 89, 90, 91, 92, 93, 94, 95, 96, 97, 99, 98, None)|
39,|(0, 1, 2, 3, 4, 5, 6, 7, 8, 9, 10, 11, 12, 13, 14, 15, 16, 17, 19, 18, 20, 21, 22, 23, 24, 25, 26, 27, 28, 29, 30, 31, 32, 33, 34, 35, 36, 37, 38, 40, 39, 41, 42, 43, 44, 46, 45, 47, 48, 49, 50, 51, 52, 53, 54, 55, 56, 58, 57, 59, 60, 61, 62, 63, 65, 64, 66, 67, 68, 69, 70, 71, 72, 73, 74, 75, 76, 77, 78, 79, 80, 81, 82, 83, 85, 84, 86, 87, 88, 89, 90, 91, 92, 93, 94, 95, 96, 97, 98, 99, None)|
40,|(0, 1, 2, 3, 4, 5, 6, 7, 8, 9, 10, 11, 12, 13, 14, 15, 16, 17, 18, 19, 20, 21, 22, 23, 24, 25, 26, 28, 27, 29, 30, 31, 32, 33, 34, 35, 36, 38, 37, 39, 41, 40, 42, 43, 44, 45, 46, 47, 48, 49, 50, 52, 51, 53, 55, 54, 56, 57, 58, 59, 60, 61, 62, 63, 64, 65, 66, 67, 68, 70, 69, 71, 72, 73, 75, 74, 76, 77, 78, 79, 81, 80, 82, 83, 84, 85, 86, 88, 87, 89, 90, 91, 92, 93, 94, 95, 96, 97, 98, 99, None)|
41,|(0, 1, 3, 2, 4, 6, 5, 7, 8, 10, 9, 11, 12, 13, 14, 15, 17, 16, 18, 19, 20, 21, 22, 23, 25, 24, 26, 27, 28, 29, 30, 31, 32, 33, 34, 35, 36, 37, 38, 40, 39, 41, 42, 43, 45, 44, 46, 47, 48, 49, 50, 51, 52, 53, 54, 55, 56, 57, 58, 59, 60, 61, 62, 63, 64, 65, 66, 67, 68, 69, 70, 71, 72, 73, 74, 75, 76, 77, 78, 79, 80, 81, 82, 83, 84, 85, 87, 86, 88, 89, 90, 91, 92, 94, 93, 95, 96, 97, 98, 99, None)|
42,|(0, 1, 2, 3, 4, 5, 6, 7, 8, 9, 10, 11, 12, 14, 13, 15, 16, 17, 18, 19, 20, 21, 22, 23, 25, 24, 26, 27, 28, 29, 31, 30, 32, 33, 34, 35, 36, 37, 39, 38, 40, 41, 42, 43, 44, 45, 46, 47, 48, 49, 50, 51, 52, 53, 54, 55, 56, 57, 59, 58, 60, 61, 62, 63, 64, 65, 66, 67, 68, 70, 69, 71, 72, 73, 74, 75, 76, 77, 78, 80, 79, 81, 82, 83, 84, 85, 86, 87, 88, 89, 90, 91, 92, 93, 94, 95, 97, 96, 98, 99, None)|
43,|(0, 1, 2, 3, 4, 5, 6, 7, 8, 9, 10, 11, 12, 13, 14, 15, 16, 17, 18, 19, 20, 21, 22, 23, 24, 26, 25, 28, 27, 29, 30, 31, 32, 33, 34, 35, 37, 36, 38, 39, 40, 41, 42, 43, 44, 45, 46, 47, 48, 49, 50, 51, 52, 53, 54, 55, 56, 57, 58, 59, 60, 61, 62, 63, 64, 65, 66, 67, 68, 69, 70, 71, 72, 73, 74, 76, 75, 77, 78, 79, 81, 80, 82, 83, 84, 85, 86, 88, 87, 89, 90, 91, 92, 93, 94, 95, 96, 97, 98, 99, None)|
44,|(0, 2, 1, 3, 4, 5, 6, 7, 8, 9, 10, 11, 12, 13, 14, 15, 16, 17, 18, 19, 20, 21, 22, 23, 24, 25, 27, 26, 28, 29, 30, 31, 32, 33, 34, 35, 36, 38, 37, 39, 40, 41, 42, 43, 44, 45, 46, 47, 48, 49, 50, 51, 52, 53, 54, 55, 56, 58, 57, 59, 60, 61, 62, 63, 64, 65, 66, 67, 69, 68, 70, 71, 72, 73, 74, 75, 76, 77, 78, 79, 80, 81, 82, 83, 84, 85, 86, 87, 88, 89, 91, 90, 92, 93, 95, 94, 96, 97, 98, 99, None)|
45,|(1, 0, 2, 3, 4, 5, 6, 7, 8, 9, 10, 11, 12, 13, 14, 16, 15, 17, 18, 19, 20, 21, 22, 23, 24, 25, 26, 27, 28, 29, 30, 31, 32, 33, 34, 35, 36, 37, 38, 39, 40, 41, 42, 44, 43, 45, 46, 47, 48, 49, 50, 51, 52, 53, 54, 55, 56, 58, 57, 59, 60, 61, 62, 63, 64, 65, 66, 67, 68, 69, 70, 71, 72, 73, 74, 75, 76, 77, 78, 79, 80, 81, 82, 83, 84, 85, 86, 87, 88, 89, 91, 90, 92, 94, 93, 95, 96, 97, 98, 99, None)|
46,|(0, 1, 2, 3, 5, 4, 6, 7, 8, 9, 10, 11, 12, 13, 14, 15, 16, 17, 18, 20, 21, 19, 22, 23, 24, 25, 26, 27, 28, 29, 30, 31, 32, 34, 33, 35, 36, 37, 38, 39, 40, 41, 42, 44, 43, 45, 47, 46, 48, 49, 50, 51, 52, 53, 54, 55, 56, 57, 58, 59, 60, 61, 62, 63, 64, 65, 66, 67, 68, 69, 70, 71, 72, 73, 75, 74, 76, 77, 79, 78, 80, 81, 83, 82, 84, 85, 86, 87, 88, 89, 90, 91, 92, 93, 94, 95, 96, 97, 98, 99, None)|
47,|(0, 1, 2, 3, 4, 5, 6, 7, 8, 9, 10, 11, 12, 13, 14, 15, 16, 17, 18, 19, 20, 21, 22, 23, 24, 25, 26, 27, 28, 29, 30, 31, 32, 33, 35, 34, 36, 37, 38, 39, 40, 41, 42, 43, 44, 45, 46, 47, 48, 49, 50, 52, 51, 53, 55, 54, 56, 57, 58, 59, 60, 61, 63, 62, 64, 65, 66, 67, 68, 69, 70, 71, 72, 73, 74, 75, 76, 77, 78, 80, 79, 81, 82, 83, 84, 85, 86, 87, 88, 90, 89, 91, 93, 92, 94, 95, 96, 97, 98, 99, None)|
48,|(0, 1, 2, 3, 5, 4, 6, 7, 9, 8, 10, 11, 12, 13, 14, 15, 16, 17, 18, 19, 20, 21, 22, 23, 24, 25, 26, 27, 28, 29, 30, 31, 32, 33, 34, 35, 36, 37, 38, 39, 40, 41, 42, 43, 44, 45, 46, 47, 48, 49, 50, 51, 52, 53, 54, 55, 56, 57, 59, 58, 60, 61, 63, 62, 64, 65, 66, 67, 68, 69, 70, 71, 72, 73, 74, 76, 75, 77, 78, 79, 80, 81, 82, 83, 84, 85, 86, 88, 87, 89, 90, 91, 92, 93, 94, 95, 96, 97, 99, 98, None)|
49,|(0, 2, 1, 3, 4, 5, 6, 7, 8, 9, 10, 11, 12, 13, 14, 15, 16, 17, 18, 19, 20, 21, 22, 23, 24, 25, 26, 27, 28, 29, 30, 31, 32, 33, 34, 35, 36, 37, 39, 38, 40, 41, 42, 43, 44, 45, 46, 47, 48, 49, 50, 51, 52, 54, 53, 55, 57, 56, 58, 59, 60, 61, 62, 63, 64, 65, 66, 67, 68, 69, 70, 71, 72, 73, 75, 74, 76, 77, 78, 79, 80, 81, 82, 83, 84, 85, 86, 87, 88, 89, 90, 91, 92, 94, 93, 95, 96, 97, 98, 99, None)|
50,|(0, 1, 2, 3, 4, 5, 6, 7, 8, 9, 10, 11, 12, 13, 14, 16, 15, 17, 18, 19, 20, 21, 22, 23, 24, 25, 27, 26, 28, 29, 30, 31, 32, 33, 35, 34, 36, 37, 38, 39, 40, 41, 42, 43, 44, 45, 46, 47, 48, 49, 50, 51, 52, 53, 54, 55, 56, 57, 58, 59, 60, 61, 62, 63, 64, 65, 66, 67, 68, 69, 70, 71, 72, 73, 74, 75, 76, 77, 79, 78, 80, 81, 82, 83, 84, 85, 86, 87, 88, 89, 91, 90, 93, 92, 94, 95, 97, 96, 98, 99, None)|
51,|(0, 1, 2, 3, 4, 5, 6, 7, 9, 8, 10, 11, 12, 13, 14, 16, 15, 17, 18, 20, 19, 21, 22, 23, 24, 25, 26, 27, 28, 29, 30, 31, 32, 33, 34, 36, 35, 37, 38, 39, 40, 41, 42, 43, 44, 45, 46, 48, 47, 50, 49, 51, 52, 53, 54, 55, 56, 57, 58, 59, 60, 61, 62, 63, 64, 65, 66, 67, 69, 68, 70, 71, 72, 73, 74, 75, 76, 77, 78, 79, 80, 81, 82, 83, 84, 85, 86, 87, 88, 89, 90, 91, 93, 92, 94, 95, 96, 97, 98, 99, None)|
52,|(0, 1, 2, 3, 4, 6, 7, 5, 8, 9, 10, 11, 12, 13, 14, 15, 17, 16, 18, 19, 20, 21, 22, 23, 24, 26, 25, 27, 28, 29, 30, 31, 32, 34, 33, 35, 36, 37, 38, 40, 39, 41, 43, 42, 44, 45, 46, 48, 47, 49, 50, 51, 52, 53, 55, 54, 56, 57, 58, 59, 60, 61, 63, 62, 65, 64, 66, 67, 68, 69, 70, 71, 72, 73, 74, 75, 76, 77, 78, 79, 80, 81, 82, 83, 84, 85, 86, 87, 89, 88, 90, 91, 92, 93, 95, 94, 96, 97, 98, 99, None)|
53,|(0, 1, 2, 3, 4, 6, 5, 7, 8, 9, 11, 10, 12, 13, 14, 15, 16, 17, 19, 18, 20, 21, 22, 23, 24, 25, 26, 27, 28, 29, 30, 31, 32, 33, 34, 35, 36, 37, 38, 39, 40, 41, 42, 43, 44, 45, 46, 47, 48, 49, 51, 50, 52, 53, 54, 55, 56, 57, 58, 59, 60, 61, 62, 63, 64, 65, 66, 68, 67, 69, 70, 71, 72, 73, 74, 75, 76, 77, 78, 79, 80, 81, 82, 83, 84, 85, 86, 87, 89, 88, 90, 91, 92, 93, 94, 95, 96, 98, 97, 99, None)|
54,|(0, 2, 1, 4, 3, 5, 6, 8, 7, 9, 10, 11, 12, 14, 13, 15, 16, 17, 18, 19, 20, 21, 22, 23, 24, 25, 26, 27, 28, 29, 30, 31, 32, 33, 34, 35, 36, 37, 38, 39, 40, 41, 42, 43, 44, 45, 46, 47, 48, 49, 50, 51, 52, 53, 54, 55, 57, 56, 58, 59, 60, 61, 62, 63, 64, 66, 65, 68, 67, 69, 70, 71, 72, 73, 74, 75, 76, 78, 77, 79, 80, 81, 83, 82, 84, 85, 86, 87, 88, 90, 89, 91, 92, 94, 93, 95, 96, 97, 98, 99, None)|
55,|(0, 1, 2, 3, 4, 5, 6, 7, 8, 9, 10, 11, 13, 12, 14, 15, 16, 17, 18, 19, 20, 21, 22, 23, 24, 25, 26, 27, 28, 29, 32, 31, 30, 33, 34, 35, 36, 37, 38, 39, 40, 41, 42, 43, 44, 45, 46, 47, 48, 49, 50, 51, 52, 53, 54, 55, 56, 57, 58, 59, 60, 62, 61, 63, 64, 65, 66, 67, 68, 69, 70, 71, 72, 73, 74, 75, 77, 76, 78, 79, 80, 81, 83, 82, 84, 85, 86, 87, 88, 89, 90, 91, 92, 93, 94, 95, 96, 97, 98, 99, None)|
56,|(0, 3, 1, 4, 2, 5, 6, 7, 9, 8, 10, 11, 12, 13, 14, 15, 16, 17, 18, 19, 20, 21, 22, 23, 24, 25, 26, 27, 28, 29, 30, 31, 33, 32, 34, 35, 37, 36, 38, 39, 40, 41, 43, 42, 44, 45, 46, 47, 48, 49, 50, 51, 52, 53, 54, 55, 56, 57, 58, 60, 59, 61, 62, 63, 64, 65, 66, 67, 68, 70, 69, 71, 72, 73, 74, 75, 76, 77, 78, 79, 80, 81, 82, 83, 84, 85, 87, 86, 88, 89, 90, 91, 92, 93, 94, 95, 96, 97, 98, 99, None)|
57,|(0, 1, 2, 3, 4, 5, 6, 7, 8, 9, 10, 11, 12, 13, 14, 15, 16, 17, 18, 19, 20, 21, 22, 23, 24, 25, 27, 26, 28, 29, 30, 32, 31, 33, 34, 35, 37, 36, 38, 39, 40, 41, 42, 44, 43, 45, 46, 47, 48, 49, 50, 51, 52, 53, 54, 55, 56, 57, 58, 60, 59, 61, 62, 63, 64, 65, 66, 67, 68, 69, 70, 71, 72, 73, 74, 75, 76, 77, 78, 79, 80, 82, 81, 83, 84, 85, 86, 87, 88, 90, 89, 91, 92, 93, 94, 95, 96, 97, 98, 99, None)|
58,|(0, 1, 3, 2, 4, 6, 5, 7, 8, 9, 10, 11, 12, 13, 14, 15, 16, 17, 19, 18, 20, 21, 22, 23, 24, 25, 26, 27, 28, 29, 30, 31, 32, 33, 34, 35, 36, 37, 38, 39, 40, 41, 42, 43, 45, 44, 47, 46, 49, 50, 48, 51, 52, 53, 54, 55, 57, 56, 58, 59, 60, 61, 62, 63, 64, 65, 66, 67, 68, 69, 70, 71, 72, 73, 74, 75, 76, 77, 78, 80, 79, 81, 82, 83, 84, 85, 87, 86, 88, 90, 89, 91, 93, 92, 94, 95, 96, 97, 98, 99, None)|
59,|(0, 1, 2, 3, 4, 5, 6, 7, 8, 9, 10, 11, 12, 13, 14, 15, 16, 17, 18, 19, 20, 21, 22, 23, 24, 25, 26, 27, 28, 30, 29, 31, 32, 33, 34, 35, 36, 37, 38, 39, 40, 41, 42, 43, 44, 45, 46, 47, 48, 50, 49, 51, 52, 53, 54, 55, 56, 58, 57, 59, 61, 60, 62, 63, 64, 65, 66, 67, 68, 69, 70, 71, 72, 73, 74, 77, 75, 76, 79, 78, 80, 81, 82, 83, 84, 85, 86, 87, 88, 89, 90, 92, 91, 93, 94, 95, 96, 97, 98, 99, None)|
60,|(0, 1, 2, 3, 4, 5, 6, 7, 8, 9, 10, 11, 12, 13, 14, 15, 16, 17, 18, 20, 19, 21, 22, 23, 24, 25, 26, 27, 28, 29, 30, 31, 32, 33, 34, 35, 36, 37, 38, 39, 40, 41, 42, 43, 44, 45, 46, 47, 48, 49, 51, 50, 52, 53, 54, 55, 56, 57, 58, 59, 60, 61, 62, 63, 64, 66, 67, 65, 68, 69, 70, 71, 72, 73, 74, 75, 76, 77, 78, 79, 80, 81, 82, 83, 84, 85, 86, 87, 88, 89, 91, 90, 92, 93, 94, 95, 96, 97, 98, 99, None)|
61,|(0, 1, 2, 3, 4, 5, 7, 6, 9, 8, 10, 11, 12, 13, 14, 16, 15, 17, 18, 19, 20, 21, 22, 23, 24, 25, 26, 27, 28, 29, 30, 31, 32, 33, 34, 35, 36, 37, 38, 39, 42, 41, 40, 43, 45, 44, 46, 47, 48, 49, 50, 52, 51, 53, 54, 55, 56, 57, 58, 59, 60, 61, 62, 63, 64, 65, 66, 67, 68, 69, 70, 71, 72, 74, 73, 75, 76, 77, 78, 79, 81, 80, 82, 83, 84, 85, 86, 87, 88, 89, 90, 91, 93, 92, 94, 95, 96, 97, 98, 99, None)|
62,|(0, 1, 3, 2, 4, 6, 5, 7, 9, 8, 10, 11, 12, 13, 14, 15, 16, 17, 18, 19, 20, 21, 22, 23, 25, 24, 26, 27, 28, 29, 30, 31, 32, 33, 34, 35, 36, 37, 38, 39, 40, 41, 42, 43, 45, 44, 46, 47, 49, 48, 51, 50, 53, 52, 54, 55, 56, 57, 58, 59, 60, 61, 62, 63, 64, 65, 66, 67, 69, 68, 70, 71, 72, 73, 74, 75, 76, 77, 78, 79, 80, 81, 82, 83, 84, 85, 87, 86, 88, 90, 89, 91, 92, 93, 94, 95, 96, 97, 99, 98, None)|
63,|(0, 1, 2, 3, 4, 5, 6, 7, 8, 9, 10, 11, 12, 13, 14, 15, 16, 17, 19, 18, 20, 21, 22, 23, 24, 25, 26, 27, 28, 29, 30, 31, 32, 35, 33, 34, 36, 37, 38, 39, 40, 41, 42, 43, 44, 45, 46, 47, 48, 49, 50, 51, 52, 53, 54, 55, 57, 56, 58, 59, 60, 61, 62, 63, 64, 65, 66, 67, 68, 69, 70, 71, 72, 73, 74, 75, 77, 76, 78, 79, 80, 81, 82, 83, 84, 86, 85, 87, 89, 88, 90, 91, 92, 93, 94, 95, 96, 98, 97, 99, None)|
64,|(0, 1, 2, 3, 4, 5, 7, 6, 8, 9, 10, 11, 12, 13, 14, 15, 16, 17, 18, 19, 20, 21, 22, 23, 24, 25, 26, 27, 28, 30, 29, 31, 32, 33, 34, 35, 36, 37, 39, 38, 40, 42, 41, 43, 44, 45, 46, 47, 48, 50, 49, 51, 52, 53, 55, 54, 56, 57, 58, 59, 60, 61, 62, 63, 64, 65, 66, 68, 67, 69, 70, 72, 71, 73, 74, 75, 76, 77, 79, 78, 81, 80, 82, 83, 84, 86, 85, 87, 88, 89, 90, 91, 92, 93, 94, 96, 95, 97, 98, 99, None)|
65,|(0, 1, 3, 2, 4, 5, 6, 7, 8, 9, 10, 11, 12, 13, 14, 16, 15, 17, 19, 18, 20, 21, 22, 23, 24, 25, 26, 27, 28, 29, 30, 31, 32, 33, 34, 35, 36, 37, 38, 40, 39, 41, 42, 43, 44, 45, 46, 47, 48, 49, 50, 51, 53, 52, 54, 55, 56, 57, 58, 59, 60, 61, 62, 63, 64, 65, 66, 67, 68, 69, 70, 71, 72, 73, 74, 75, 76, 77, 78, 80, 79, 81, 82, 83, 84, 85, 86, 87, 88, 89, 90, 91, 92, 94, 93, 95, 96, 97, 98, 99, None)|
66,|(0, 1, 2, 3, 4, 5, 6, 7, 8, 9, 10, 11, 12, 13, 14, 15, 16, 17, 18, 19, 20, 21, 22, 23, 24, 25, 26, 27, 28, 29, 30, 31, 32, 33, 35, 34, 36, 37, 38, 39, 40, 42, 41, 43, 44, 45, 46, 47, 48, 49, 50, 51, 52, 53, 54, 55, 56, 57, 58, 59, 60, 61, 62, 63, 64, 66, 65, 67, 68, 69, 71, 70, 72, 73, 74, 75, 77, 76, 78, 79, 80, 81, 82, 83, 84, 85, 86, 87, 88, 89, 90, 91, 92, 93, 95, 94, 96, 97, 98, 99, None)|
67,|(0, 1, 2, 3, 4, 6, 5, 7, 8, 9, 10, 11, 13, 12, 14, 15, 16, 17, 18, 19, 20, 21, 23, 22, 24, 25, 26, 27, 28, 29, 30, 31, 32, 33, 34, 35, 36, 37, 38, 40, 39, 41, 42, 43, 44, 45, 46, 47, 48, 49, 50, 52, 51, 53, 54, 55, 56, 57, 58, 59, 60, 62, 61, 63, 64, 65, 66, 67, 68, 69, 70, 71, 72, 73, 74, 75, 76, 77, 78, 79, 80, 81, 82, 83, 84, 85, 86, 87, 88, 89, 90, 91, 92, 94, 93, 95, 96, 98, 97, 99, None)|
68,|(0, 1, 2, 3, 4, 5, 6, 7, 8, 9, 10, 11, 12, 13, 14, 15, 16, 17, 18, 19, 20, 21, 23, 22, 24, 25, 26, 27, 28, 29, 30, 31, 32, 33, 34, 35, 36, 37, 38, 39, 41, 40, 42, 44, 43, 45, 46, 47, 48, 49, 50, 51, 52, 53, 54, 55, 56, 57, 58, 59, 60, 61, 62, 63, 65, 64, 66, 67, 68, 70, 69, 71, 72, 73, 74, 75, 76, 78, 77, 79, 80, 81, 82, 83, 84, 86, 85, 87, 88, 89, 90, 91, 92, 93, 94, 95, 96, 97, 98, 99, None)|
69,|(0, 1, 3, 2, 4, 5, 6, 7, 9, 8, 10, 11, 13, 12, 14, 15, 16, 17, 18, 19, 20, 21, 22, 23, 24, 25, 26, 27, 28, 29, 30, 31, 33, 32, 34, 35, 36, 38, 37, 39, 40, 41, 42, 43, 44, 45, 46, 47, 48, 49, 50, 51, 52, 53, 54, 55, 56, 57, 58, 59, 60, 61, 62, 63, 64, 65, 66, 67, 68, 69, 70, 71, 72, 73, 74, 75, 76, 77, 78, 80, 79, 81, 82, 83, 85, 84, 86, 87, 88, 89, 90, 91, 92, 93, 94, 95, 97, 96, 98, 99, None)|
70,|(0, 1, 2, 3, 4, 6, 5, 7, 8, 9, 10, 11, 12, 13, 14, 16, 15, 17, 18, 20, 19, 21, 22, 23, 24, 25, 26, 27, 28, 29, 30, 31, 32, 33, 34, 35, 36, 37, 38, 40, 39, 41, 43, 42, 44, 45, 46, 47, 49, 48, 51, 50, 52, 53, 55, 54, 56, 57, 58, 59, 60, 61, 62, 63, 64, 65, 66, 67, 68, 69, 70, 71, 72, 73, 74, 75, 76, 77, 78, 79, 80, 81, 82, 83, 84, 85, 86, 88, 87, 89, 90, 91, 92, 93, 94, 95, 97, 96, 98, 99, None)|
71,|(0, 1, 2, 3, 4, 5, 6, 8, 7, 9, 11, 10, 12, 13, 14, 15, 16, 17, 18, 19, 20, 21, 22, 23, 24, 25, 27, 26, 28, 29, 30, 31, 33, 32, 34, 35, 36, 37, 38, 39, 40, 41, 42, 43, 44, 45, 46, 47, 48, 49, 50, 51, 52, 53, 54, 55, 56, 57, 58, 59, 60, 61, 62, 63, 64, 65, 66, 67, 68, 69, 70, 71, 72, 73, 74, 75, 76, 77, 78, 79, 81, 80, 82, 83, 84, 85, 86, 87, 88, 89, 90, 91, 92, 93, 94, 95, 96, 97, 98, 99, None)|
72,|(0, 1, 2, 3, 4, 5, 6, 7, 9, 8, 10, 11, 12, 13, 14, 15, 16, 17, 18, 19, 20, 21, 22, 23, 24, 26, 25, 27, 28, 29, 30, 31, 32, 33, 34, 35, 36, 37, 38, 39, 40, 41, 42, 43, 44, 46, 45, 47, 48, 49, 50, 51, 52, 53, 54, 55, 56, 57, 58, 59, 60, 62, 61, 63, 64, 65, 66, 67, 68, 69, 70, 71, 72, 73, 74, 75, 76, 77, 78, 79, 80, 81, 82, 83, 84, 85, 86, 87, 88, 89, 91, 90, 92, 93, 94, 95, 96, 97, 98, 99, None)|
73,|(0, 1, 2, 3, 5, 4, 6, 7, 8, 9, 10, 11, 12, 13, 14, 15, 16, 17, 18, 19, 20, 21, 22, 23, 24, 25, 26, 27, 28, 29, 30, 31, 32, 33, 34, 35, 36, 37, 38, 39, 40, 41, 42, 44, 43, 45, 46, 47, 48, 49, 51, 50, 52, 53, 54, 55, 56, 58, 57, 59, 60, 61, 62, 63, 64, 65, 66, 67, 68, 69, 70, 71, 72, 73, 74, 75, 76, 77, 78, 79, 81, 80, 82, 83, 84, 85, 86, 87, 88, 89, 90, 91, 92, 93, 94, 95, 96, 97, 98, 99, None)|
74,|(0, 1, 2, 3, 4, 5, 6, 7, 8, 9, 10, 11, 12, 13, 14, 15, 16, 17, 18, 20, 19, 21, 22, 24, 23, 26, 25, 27, 28, 29, 30, 31, 32, 33, 34, 36, 35, 37, 39, 38, 40, 41, 42, 43, 44, 45, 46, 47, 48, 49, 50, 51, 53, 52, 54, 55, 56, 57, 59, 58, 60, 61, 62, 64, 63, 65, 66, 67, 68, 69, 70, 71, 72, 73, 74, 75, 76, 77, 78, 79, 80, 81, 82, 83, 84, 85, 86, 87, 88, 89, 90, 91, 92, 93, 94, 95, 96, 97, 98, 99, None)|
75,|(0, 1, 2, 3, 4, 5, 6, 7, 8, 9, 10, 11, 12, 13, 14, 15, 16, 17, 18, 19, 20, 21, 22, 23, 24, 26, 25, 27, 28, 29, 30, 31, 32, 33, 34, 35, 36, 37, 38, 39, 40, 41, 42, 43, 44, 45, 46, 47, 48, 49, 50, 51, 52, 53, 54, 56, 55, 57, 58, 59, 60, 61, 62, 63, 64, 65, 66, 67, 69, 68, 70, 71, 72, 73, 75, 74, 76, 77, 78, 79, 80, 81, 82, 83, 85, 84, 86, 87, 88, 89, 90, 91, 92, 93, 94, 95, 96, 97, 98, 99, None)|
76,|(0, 1, 2, 3, 4, 5, 6, 7, 8, 9, 10, 11, 12, 13, 14, 15, 17, 16, 18, 19, 20, 22, 21, 23, 24, 25, 26, 27, 28, 30, 29, 31, 32, 33, 34, 35, 37, 36, 39, 38, 40, 41, 42, 43, 44, 45, 46, 47, 48, 49, 50, 51, 52, 53, 54, 55, 56, 57, 58, 59, 60, 61, 62, 63, 64, 65, 66, 67, 68, 69, 70, 72, 71, 73, 74, 75, 76, 77, 78, 79, 80, 81, 82, 83, 84, 85, 86, 87, 88, 89, 90, 91, 92, 93, 94, 95, 96, 97, 98, 99, None)|
77,|(0, 1, 2, 3, 4, 5, 6, 7, 9, 8, 10, 11, 12, 13, 14, 15, 16, 17, 19, 18, 20, 21, 22, 23, 24, 26, 25, 27, 28, 29, 30, 31, 32, 33, 34, 35, 36, 38, 37, 40, 39, 41, 42, 43, 44, 45, 46, 47, 48, 49, 50, 51, 52, 53, 55, 54, 56, 57, 58, 59, 60, 61, 62, 63, 64, 66, 65, 67, 68, 69, 70, 71, 72, 73, 74, 75, 76, 77, 78, 79, 80, 81, 82, 83, 84, 85, 86, 87, 88, 89, 90, 92, 91, 93, 94, 95, 96, 97, 98, 99, None)|
78,|(0, 1, 2, 3, 4, 5, 7, 6, 8, 9, 10, 11, 12, 13, 14, 15, 16, 17, 18, 19, 20, 21, 22, 23, 24, 25, 26, 27, 28, 29, 30, 31, 32, 33, 34, 35, 36, 37, 38, 39, 41, 40, 42, 43, 44, 45, 46, 47, 48, 49, 50, 51, 52, 53, 54, 55, 56, 58, 57, 59, 60, 61, 62, 63, 64, 65, 66, 67, 68, 70, 69, 71, 72, 73, 74, 75, 76, 77, 78, 79, 80, 81, 82, 83, 85, 84, 86, 87, 88, 89, 90, 91, 92, 93, 94, 96, 95, 97, 98, 99, None)|
79,|(0, 2, 1, 3, 5, 4, 6, 7, 8, 9, 10, 11, 12, 13, 15, 14, 16, 17, 18, 19, 20, 21, 22, 23, 24, 25, 26, 27, 28, 29, 30, 31, 32, 33, 34, 36, 35, 37, 38, 39, 40, 42, 41, 43, 44, 45, 46, 47, 48, 49, 50, 51, 52, 53, 54, 55, 56, 57, 58, 59, 60, 61, 62, 63, 64, 65, 66, 67, 68, 70, 69, 71, 72, 73, 74, 75, 76, 77, 78, 79, 80, 81, 82, 84, 83, 85, 86, 87, 88, 89, 90, 91, 92, 93, 94, 95, 96, 97, 98, 99, None)|
80,|(0, 2, 1, 3, 5, 4, 7, 6, 8, 9, 10, 11, 12, 13, 14, 15, 16, 17, 18, 19, 20, 21, 22, 23, 24, 25, 27, 26, 28, 29, 30, 31, 32, 33, 34, 36, 35, 37, 38, 39, 40, 41, 43, 42, 44, 45, 46, 47, 48, 49, 50, 51, 52, 53, 54, 55, 56, 57, 58, 59, 60, 61, 62, 63, 64, 65, 66, 67, 68, 69, 70, 71, 72, 73, 74, 75, 76, 77, 78, 79, 80, 81, 83, 82, 84, 85, 86, 87, 88, 89, 90, 91, 92, 93, 94, 95, 96, 97, 98, 99, None)|
81,|(0, 1, 2, 3, 4, 5, 7, 6, 8, 9, 10, 11, 12, 13, 14, 15, 16, 18, 17, 19, 20, 21, 22, 23, 24, 25, 26, 27, 28, 30, 29, 31, 32, 33, 34, 36, 35, 37, 38, 39, 40, 41, 42, 43, 44, 45, 46, 47, 49, 48, 50, 51, 52, 53, 54, 55, 56, 57, 58, 59, 60, 61, 62, 63, 64, 65, 66, 67, 68, 69, 70, 71, 72, 73, 74, 75, 76, 77, 78, 79, 80, 81, 82, 83, 84, 85, 86, 87, 88, 89, 90, 92, 91, 94, 93, 95, 96, 97, 98, 99, None)|
82,|(0, 1, 2, 4, 3, 5, 7, 6, 8, 9, 11, 10, 12, 13, 14, 15, 16, 17, 18, 19, 20, 21, 22, 23, 24, 25, 26, 27, 28, 29, 30, 31, 32, 33, 34, 35, 36, 37, 38, 39, 40, 41, 43, 42, 44, 45, 46, 47, 48, 50, 49, 51, 52, 53, 54, 55, 56, 57, 58, 59, 60, 61, 62, 63, 64, 65, 66, 67, 68, 69, 70, 71, 72, 73, 74, 75, 76, 77, 78, 79, 80, 81, 83, 82, 84, 85, 86, 87, 88, 90, 89, 91, 92, 94, 93, 95, 96, 97, 98, 99, None)|
83,|(0, 1, 2, 3, 4, 5, 7, 6, 8, 9, 10, 11, 12, 13, 14, 15, 17, 16, 18, 19, 20, 21, 22, 24, 23, 25, 26, 27, 28, 29, 30, 31, 32, 33, 34, 35, 36, 37, 38, 39, 40, 41, 42, 44, 43, 45, 46, 47, 48, 49, 50, 51, 52, 53, 54, 55, 56, 57, 59, 58, 60, 61, 62, 64, 63, 65, 66, 67, 68, 69, 70, 71, 72, 73, 74, 75, 76, 77, 78, 79, 80, 81, 82, 83, 84, 85, 86, 87, 88, 90, 89, 91, 92, 93, 94, 95, 97, 96, 98, 99, None)|
84,|(0, 1, 2, 3, 4, 5, 7, 6, 8, 9, 10, 11, 12, 14, 13, 15, 17, 16, 18, 19, 20, 21, 22, 23, 24, 25, 26, 27, 28, 30, 29, 31, 32, 33, 34, 35, 36, 37, 38, 39, 40, 41, 42, 43, 44, 45, 46, 47, 48, 50, 49, 51, 52, 54, 53, 55, 56, 57, 58, 59, 60, 61, 62, 63, 64, 65, 66, 67, 68, 69, 71, 70, 72, 73, 74, 75, 76, 77, 78, 79, 80, 81, 82, 83, 84, 86, 85, 87, 88, 89, 90, 91, 92, 93, 94, 95, 96, 97, 98, 99, None)|
85,|(0, 1, 2, 3, 4, 5, 6, 7, 8, 9, 10, 11, 13, 12, 14, 15, 16, 17, 19, 18, 20, 21, 22, 23, 24, 25, 27, 26, 28, 29, 30, 31, 32, 33, 34, 35, 36, 37, 38, 39, 40, 41, 42, 43, 44, 45, 46, 47, 48, 49, 50, 51, 52, 53, 54, 55, 56, 58, 57, 59, 60, 61, 62, 63, 65, 64, 66, 67, 68, 69, 70, 71, 73, 72, 75, 74, 76, 77, 78, 79, 80, 81, 82, 83, 84, 85, 86, 87, 88, 89, 90, 91, 92, 93, 94, 95, 96, 98, 97, 99, None)|
86,|(0, 1, 2, 4, 3, 5, 6, 7, 8, 9, 10, 11, 12, 13, 14, 15, 16, 17, 18, 19, 20, 21, 22, 23, 24, 25, 26, 27, 28, 29, 31, 30, 33, 32, 34, 35, 36, 38, 37, 39, 41, 40, 43, 42, 44, 46, 45, 48, 47, 49, 50, 51, 52, 54, 53, 55, 56, 57, 58, 59, 60, 61, 62, 63, 64, 65, 66, 67, 68, 69, 71, 70, 72, 73, 74, 75, 76, 77, 78, 79, 80, 81, 82, 83, 84, 85, 86, 87, 88, 89, 90, 91, 92, 93, 94, 95, 97, 98, 96, 99, None)|
87,|(0, 1, 2, 3, 4, 5, 6, 7, 8, 9, 10, 11, 12, 13, 14, 15, 16, 17, 18, 19, 20, 21, 22, 24, 23, 25, 26, 27, 28, 29, 30, 31, 32, 33, 34, 35, 36, 37, 38, 39, 40, 41, 43, 42, 44, 45, 47, 46, 48, 49, 50, 51, 52, 53, 54, 55, 56, 57, 58, 59, 60, 62, 61, 63, 64, 66, 65, 67, 68, 69, 70, 71, 72, 74, 73, 75, 76, 77, 78, 79, 80, 81, 82, 83, 84, 86, 85, 87, 88, 89, 90, 91, 92, 93, 94, 95, 96, 97, 98, 99, None)|
88,|(0, 1, 2, 3, 4, 6, 5, 7, 8, 9, 10, 12, 11, 13, 14, 15, 16, 17, 18, 19, 20, 21, 22, 23, 24, 25, 26, 28, 27, 29, 30, 32, 31, 33, 34, 36, 35, 37, 38, 39, 40, 41, 42, 43, 44, 45, 46, 47, 48, 49, 50, 51, 52, 53, 54, 55, 56, 57, 58, 59, 60, 61, 62, 63, 64, 65, 66, 67, 68, 69, 70, 71, 72, 73, 74, 75, 76, 77, 78, 79, 80, 82, 81, 83, 84, 85, 86, 87, 88, 89, 90, 91, 92, 93, 94, 95, 96, 97, 98, 99, None)|
89,|(0, 1, 2, 3, 5, 4, 6, 7, 8, 9, 10, 11, 12, 13, 14, 15, 16, 17, 18, 20, 19, 22, 21, 23, 24, 25, 26, 27, 28, 29, 30, 31, 32, 33, 34, 36, 35, 37, 38, 39, 40, 41, 42, 43, 45, 44, 46, 47, 50, 48, 49, 51, 52, 53, 54, 55, 57, 56, 58, 59, 60, 61, 62, 63, 64, 65, 66, 67, 68, 69, 70, 71, 72, 73, 74, 75, 76, 77, 78, 80, 79, 81, 82, 83, 84, 86, 85, 87, 88, 89, 90, 91, 92, 93, 94, 95, 96, 97, 98, 99, None)|
90,|(0, 1, 2, 3, 4, 5, 6, 7, 8, 9, 10, 12, 11, 14, 13, 15, 16, 17, 18, 19, 20, 21, 22, 23, 24, 25, 26, 27, 28, 29, 30, 31, 32, 33, 35, 34, 37, 38, 36, 39, 40, 41, 42, 43, 44, 45, 46, 47, 48, 49, 50, 51, 52, 53, 54, 55, 56, 57, 58, 59, 60, 61, 63, 62, 65, 64, 66, 67, 68, 69, 70, 71, 72, 73, 74, 75, 76, 77, 78, 79, 80, 81, 82, 83, 84, 85, 86, 87, 88, 89, 90, 91, 92, 93, 94, 95, 97, 96, 98, 99, None)|
91,|(0, 1, 2, 3, 4, 5, 6, 7, 8, 9, 10, 11, 12, 13, 14, 15, 16, 17, 18, 19, 21, 20, 22, 23, 24, 25, 26, 27, 28, 29, 30, 31, 32, 33, 34, 35, 36, 37, 38, 39, 40, 41, 42, 43, 45, 44, 46, 47, 48, 49, 50, 51, 52, 54, 53, 55, 56, 58, 57, 59, 60, 61, 62, 63, 64, 66, 65, 67, 68, 69, 70, 71, 72, 73, 74, 75, 76, 77, 79, 78, 80, 81, 82, 83, 84, 85, 86, 87, 88, 89, 90, 91, 92, 93, 94, 95, 96, 97, 98, 99, None)|
92,|(0, 1, 2, 3, 5, 4, 6, 7, 8, 10, 9, 11, 12, 13, 14, 15, 16, 17, 18, 19, 20, 22, 21, 23, 24, 25, 26, 27, 28, 29, 30, 31, 32, 33, 34, 35, 36, 37, 38, 39, 40, 41, 43, 42, 44, 46, 45, 47, 48, 49, 51, 50, 52, 53, 54, 55, 56, 57, 58, 59, 60, 61, 63, 64, 62, 65, 66, 67, 68, 69, 70, 71, 72, 73, 74, 75, 76, 77, 78, 79, 80, 81, 82, 83, 84, 85, 86, 87, 88, 89, 90, 91, 92, 94, 93, 95, 97, 96, 98, 99, None)|
93,|(0, 1, 2, 3, 4, 5, 6, 7, 8, 9, 10, 11, 12, 13, 14, 15, 16, 17, 18, 19, 20, 21, 22, 23, 24, 25, 26, 27, 28, 29, 30, 31, 32, 33, 34, 35, 36, 37, 38, 39, 41, 40, 42, 43, 44, 45, 46, 47, 48, 49, 50, 51, 53, 52, 54, 55, 56, 57, 58, 59, 60, 61, 62, 63, 64, 65, 66, 67, 68, 69, 70, 71, 72, 73, 74, 75, 77, 76, 78, 79, 80, 81, 82, 83, 84, 86, 85, 88, 87, 90, 89, 91, 92, 93, 94, 95, 96, 98, 97, 99, None)|
94,|(0, 1, 2, 3, 4, 5, 6, 7, 8, 9, 10, 11, 12, 13, 14, 15, 16, 17, 18, 19, 20, 21, 22, 23, 24, 25, 26, 27, 28, 29, 30, 31, 32, 33, 34, 35, 36, 38, 37, 39, 40, 41, 42, 43, 44, 45, 46, 47, 48, 49, 50, 51, 52, 53, 54, 55, 56, 57, 58, 59, 60, 61, 62, 63, 64, 65, 66, 67, 68, 69, 70, 71, 72, 73, 74, 75, 76, 77, 78, 79, 80, 82, 81, 83, 85, 84, 86, 87, 88, 89, 90, 91, 92, 93, 94, 95, 96, 97, 98, 99, None)|
95,|(0, 1, 2, 3, 4, 5, 6, 7, 8, 9, 10, 11, 12, 13, 14, 15, 16, 17, 18, 19, 20, 21, 22, 23, 24, 25, 26, 27, 28, 30, 29, 31, 32, 33, 34, 35, 36, 37, 38, 39, 40, 41, 42, 43, 44, 46, 45, 48, 47, 49, 50, 51, 52, 53, 54, 55, 56, 57, 59, 58, 60, 61, 62, 63, 64, 65, 66, 67, 68, 69, 70, 71, 72, 73, 74, 75, 76, 77, 78, 79, 80, 81, 82, 83, 84, 85, 86, 87, 88, 89, 90, 91, 92, 93, 94, 95, 97, 96, 98, 99, None)|
96,|(0, 1, 2, 3, 4, 5, 6, 8, 7, 9, 11, 10, 12, 13, 15, 14, 16, 17, 18, 19, 21, 20, 22, 23, 24, 25, 26, 27, 29, 28, 30, 31, 32, 33, 34, 36, 35, 37, 38, 39, 40, 41, 42, 43, 44, 45, 46, 47, 48, 49, 50, 51, 52, 53, 54, 55, 56, 57, 58, 59, 60, 61, 62, 63, 64, 66, 65, 67, 68, 69, 70, 71, 72, 73, 74, 75, 76, 77, 79, 78, 80, 81, 82, 83, 84, 86, 85, 87, 88, 89, 90, 91, 92, 93, 94, 95, 96, 97, 98, 99, None)|
97,|(0, 1, 3, 2, 4, 5, 6, 7, 8, 9, 10, 11, 12, 13, 14, 15, 16, 17, 18, 19, 20, 21, 22, 23, 24, 25, 26, 27, 28, 29, 30, 31, 32, 33, 34, 35, 36, 37, 38, 39, 40, 41, 42, 43, 44, 45, 46, 48, 47, 49, 50, 52, 51, 54, 53, 55, 56, 57, 59, 58, 60, 61, 62, 63, 64, 65, 66, 67, 68, 69, 70, 71, 72, 73, 74, 76, 75, 77, 78, 79, 80, 81, 82, 83, 84, 85, 86, 87, 88, 89, 90, 91, 92, 93, 94, 95, 96, 97, 98, 99, None)|
98,|(0, 1, 2, 3, 4, 6, 5, 7, 8, 9, 10, 11, 12, 13, 14, 15, 16, 17, 18, 19, 20, 21, 22, 24, 23, 25, 26, 27, 28, 29, 30, 31, 33, 32, 34, 35, 36, 37, 38, 39, 41, 40, 42, 43, 44, 45, 46, 47, 48, 49, 50, 51, 52, 53, 54, 55, 56, 57, 58, 59, 61, 60, 62, 63, 64, 65, 66, 67, 69, 68, 70, 71, 72, 73, 74, 75, 76, 77, 78, 79, 80, 81, 82, 83, 84, 85, 86, 87, 88, 90, 89, 91, 92, 93, 94, 95, 96, 97, 98, 99, None)|
99,|(0, 1, 2, 3, 4, 5, 6, 7, 8, 9, 10, 11, 12, 13, 14, 15, 16, 17, 18, 19, 20, 21, 23, 22, 25, 24, 26, 27, 28, 30, 29, 31, 32, 34, 33, 36, 35, 37, 38, 39, 40, 41, 42, 43, 44, 45, 46, 47, 48, 49, 51, 50, 52, 53, 54, 55, 57, 56, 58, 60, 59, 61, 62, 63, 64, 65, 66, 68, 67, 69, 70, 71, 72, 74, 73, 75, 76, 77, 78, 79, 80, 81, 82, 83, 84, 85, 86, 88, 87, 90, 89, 91, 93, 94, 92, 96, 95, 97, 98, 99, None)|
